month,stock_code,top_risk_score,rank_in_topn
2017-10,603799,1.1600746804002635,1
2017-10,002600,0.7874400490007833,2
2017-10,300394,0.7698845231802962,3
2017-10,300308,0.7484403177343173,4
2017-10,002371,0.7183975519508046,5
2017-10,000596,0.7079754749746469,6
2017-10,300502,0.7067019580719157,7
2017-10,000661,0.5891926423777528,8
2017-10,600233,0.5790349263357915,9
2017-10,600588,0.4278246064428042,10
2017-11,600690,1.2852951334559817,1
2017-11,300661,1.1622006273571324,2
2017-11,601877,1.1016921584978097,3
2017-11,000596,0.9958371073328445,4
2017-11,002384,0.9727235006379676,5
2017-11,002600,0.8616988729548646,6
2017-11,600600,0.8314373472007015,7
2017-11,601100,0.7353854165394271,8
2017-11,601127,0.5737524540023334,9
2017-11,000002,0.5562792975740705,10
2017-12,601100,1.4316847675998383,1
2017-12,600346,1.2352468899242377,2
2017-12,300661,1.2005887662609673,3
2017-12,601360,1.1591923150698227,4
2017-12,600515,0.7955657786521045,5
2017-12,600188,0.5823547377201936,6
2017-12,002600,0.5739366955961186,7
2017-12,000100,0.4113565091332093,8
2017-12,000301,0.3828262622198159,9
2017-12,002648,0.22990042743241762,10
2018-01,600346,1.5673973763297737,1
2018-01,601100,1.423798000961502,2
2018-01,300413,0.9220990991823445,3
2018-01,601360,0.8576824988657015,4
2018-01,000002,0.7333429496564158,5
2018-01,603288,0.7218744133329856,6
2018-01,600845,0.6025597691219479,7
2018-01,600760,0.5246770449836943,8
2018-01,002142,0.4395273696388705,9
2018-01,000596,0.42059649203213023,10
2018-02,601600,1.6571447713290453,1
2018-02,000002,0.9323746038584101,2
2018-02,600346,0.8384835283997667,3
2018-02,000876,0.7112874427115339,4
2018-02,601225,0.6737214391351976,5
2018-02,601998,0.6529624006923226,6
2018-02,002027,0.5840038892858297,7
2018-02,601100,0.5757151874091583,8
2018-02,600690,0.5569982144806473,9
2018-02,002142,0.29939160467764636,10
2018-03,601360,1.5925214556596725,1
2018-03,002027,1.1578251954015932,2
2018-03,300413,0.9633533655123735,3
2018-03,601100,0.8649282444582855,4
2018-03,002415,0.7813152551974762,5
2018-03,600426,0.6907728804353905,6
2018-03,600188,0.6551951137449821,7
2018-03,000301,0.5871625158975039,8
2018-03,002142,0.4603071876128917,9
2018-03,002311,0.35337316967714055,10
2018-04,600845,1.8780454746544026,1
2018-04,600372,1.3695273745564431,2
2018-04,302132,1.0369316026202178,3
2018-04,002179,1.0276653425461952,4
2018-04,300308,0.9441815978930228,5
2018-04,000301,0.9289228271356106,6
2018-04,300413,0.8852986358475989,7
2018-04,601607,0.7396439435046305,8
2018-04,601100,0.6621789812478582,9
2018-04,603993,0.5547429252609066,10
2018-05,300015,1.442733613325138,1
2018-05,600188,1.2113715658442228,2
2018-05,600760,1.210154940911644,3
2018-05,601100,0.952456023975492,4
2018-05,601877,0.8425515103847601,5
2018-05,600438,0.7820308306581435,6
2018-05,300413,0.5494109684874489,7
2018-05,601360,0.3946707268459,8
2018-05,600036,0.3573071271732263,9
2018-05,000538,0.3207492858434428,10
2018-06,000596,1.9773305490058974,1
2018-06,002304,1.3527711918630483,2
2018-06,601607,1.2941847925305494,3
2018-06,600346,1.0413218850420987,4
2018-06,300413,0.9687035031674047,5
2018-06,300308,0.8657863666383775,6
2018-06,000895,0.7769404199879815,7
2018-06,000301,0.5714452908272151,8
2018-06,002384,0.44018956052120295,9
2018-06,600803,0.399158933931961,10
2018-07,600690,1.0678138386775675,1
2018-07,300661,1.0349055360756145,2
2018-07,000301,0.9188105009933976,3
2018-07,000963,0.8424818715830764,4
2018-07,300413,0.7016356141769555,5
2018-07,300476,0.648277857634816,6
2018-07,600346,0.5942100349979003,7
2018-07,002352,0.493911333505299,8
2018-07,000999,0.45015213401605814,9
2018-07,600372,0.38797690942281443,10
2018-08,300661,1.4243647368085286,1
2018-08,600011,1.360887397335269,2
2018-08,601800,1.1021994219218507,3
2018-08,002475,0.758978600364707,4
2018-08,000963,0.6330192734308769,5
2018-08,600372,0.6242124362103824,6
2018-08,002142,0.5576956187289119,7
2018-08,000338,0.5362149107152411,8
2018-08,300413,0.4998812851091049,9
2018-08,601100,0.47738691234184893,10
2018-09,000002,0.8580451552140957,1
2018-09,600183,0.7843741975638886,2
2018-09,601100,0.7266889819718254,3
2018-09,601877,0.6452178807198037,4
2018-09,000708,0.6334851653908089,5
2018-09,600048,0.6234885657612577,6
2018-09,600050,0.6181129329347765,7
2018-09,000301,0.541560805510214,8
2018-09,600406,0.3840520115412359,9
2018-09,000999,0.3186197072314296,10
2018-10,600406,1.0492876318845739,1
2018-10,603288,0.8497450782068181,2
2018-10,600027,0.8350140621256092,3
2018-10,600482,0.7829742822824333,4
2018-10,600233,0.7313767670175049,5
2018-10,600011,0.6233927933898833,6
2018-10,601336,0.5168360653746249,7
2018-10,000895,0.5065194235738448,8
2018-10,601601,0.42247504989563867,9
2018-10,002352,0.40468173237477645,10
2018-11,600061,1.074472825828416,1
2018-11,000166,1.028100510355128,2
2018-11,600406,0.9853675929752665,3
2018-11,002736,0.9188802512204999,4
2018-11,600547,0.8153979802352392,5
2018-11,002142,0.723026758764131,6
2018-11,601668,0.6849666217064534,7
2018-11,601601,0.636416401007492,8
2018-11,600027,0.5393543287317404,9
2018-11,601318,0.4366616813020751,10
2018-12,000876,1.0303205382417953,1
2018-12,600438,0.9838504264155528,2
2018-12,002736,0.9597307719280471,3
2018-12,000166,0.8693337880140234,4
2018-12,600372,0.8089272734315702,5
2018-12,601668,0.7263325152311789,6
2018-12,601901,0.49165377281905,7
2018-12,000002,0.46897249171817246,8
2018-12,600482,0.4657633126215754,9
2018-12,600011,0.4536473482018135,10
2019-01,600406,1.4572283435630942,1
2019-01,300628,1.2332180710510539,2
2019-01,600183,0.9175345932924931,3
2019-01,600482,0.9080057254052554,4
2019-01,600161,0.8699120402855938,5
2019-01,601012,0.836248221741303,6
2019-01,300413,0.7683215742986806,7
2019-01,600438,0.7670181215290028,8
2019-01,601877,0.7647477960829027,9
2019-01,000338,0.5392879806587272,10
2019-02,600438,1.6830828423486928,1
2019-02,601012,1.1424072677683865,2
2019-02,000975,1.0119188493439015,3
2019-02,600161,0.986684771414357,4
2019-02,601877,0.7954352657985942,5
2019-02,600547,0.6472042353256136,6
2019-02,000100,0.6369237574538816,7
2019-02,000166,0.6295553555202302,8
2019-02,601100,0.590150589757048,9
2019-02,601628,0.5813203190593734,10
2019-03,600061,1.7500603322372996,1
2019-03,002736,1.6200990979916736,2
2019-03,000166,1.1689608511120226,3
2019-03,601901,0.9037674219942646,4
2019-03,300394,0.7889585048528063,5
2019-03,601628,0.6909486243758045,6
2019-03,600438,0.4882756829376158,7
2019-03,600372,0.48525099387059856,8
2019-03,300628,0.4314078522427801,9
2019-03,000630,0.4091300871803196,10
2019-04,600061,1.4444240255588223,1
2019-04,002736,1.3160571602742415,2
2019-04,600025,0.8524897361805116,3
2019-04,000100,0.7196584204968756,4
2019-04,000166,0.6922680894110103,5
2019-04,600406,0.6706883627824316,6
2019-04,000596,0.6380832387875202,7
2019-04,600183,0.5997289088595741,8
2019-04,002475,0.5901902482892689,9
2019-04,601012,0.512861887855421,10
2019-05,600438,1.4791233188007724,1
2019-05,601018,1.4201820991597591,2
2019-05,002311,1.2193964372217876,3
2019-05,601919,0.9884085221657043,4
2019-05,601628,0.8514498034491292,5
2019-05,600061,0.576645899392148,6
2019-05,601318,0.5201850661761992,7
2019-05,600066,0.5009501591363617,8
2019-05,601100,0.44175348351763755,9
2019-05,603501,0.4095865526942104,10
2019-06,002311,1.070092941400317,1
2019-06,300661,1.0449499997217027,2
2019-06,601318,0.8610966010583985,3
2019-06,000938,0.603655472817828,4
2019-06,600036,0.5525791754314037,5
2019-06,600233,0.41863326552683167,6
2019-06,002142,0.39316564126340225,7
2019-06,601901,0.3755471681459873,8
2019-06,002179,0.3536951203857747,9
2019-06,000708,0.2657469139655586,10
2019-07,603369,1.1373620354402472,1
2019-07,603501,0.9282503635283028,2
2019-07,600845,0.8974144266330526,3
2019-07,600061,0.8126178229812628,4
2019-07,600588,0.7669498221813706,5
2019-07,601899,0.7504192101753807,6
2019-07,000999,0.6796997030416874,7
2019-07,002736,0.6380857466074363,8
2019-07,002352,0.3875708078223222,9
2019-07,603986,0.36552997120012876,10
2019-08,600150,1.8158604695291893,1
2019-08,603501,1.6243605547418738,2
2019-08,000938,1.388197386467041,3
2019-08,603369,0.8426084556750759,4
2019-08,002938,0.8366558787395864,5
2019-08,002352,0.7141680206478205,6
2019-08,002311,0.6829144474983043,7
2019-08,600845,0.6215752156697525,8
2019-08,300308,0.6029302314965295,9
2019-08,600588,0.4444723822167921,10
2019-09,603501,1.9991590064272966,1
2019-09,600150,1.1868370473732925,2
2019-09,000596,1.1030651673132708,3
2019-09,600588,0.9379144216295251,4
2019-09,600845,0.8275703305600162,5
2019-09,002352,0.7945475414124394,6
2019-09,600346,0.5375145403394961,7
2019-09,601872,0.3444328187683816,8
2019-09,600886,0.32411348022232456,9
2019-09,600025,0.3136287449759068,10
2019-10,601100,1.547130585932581,1
2019-10,002938,1.3752773117924815,2
2019-10,603259,1.3267783109762386,3
2019-10,000001,1.0242411121107784,4
2019-10,603369,0.9321888470826146,5
2019-10,002142,0.9313305031651937,6
2019-10,300251,0.9129353465559269,7
2019-10,600845,0.7612708347692683,8
2019-10,002459,0.6376204789795318,9
2019-10,002466,0.6166290141420152,10
2019-11,603259,1.6905796418259331,1
2019-11,300661,1.6354897997988531,2
2019-11,600926,1.238314510557768,3
2019-11,601628,1.1089764907115551,4
2019-11,603501,1.0973518620319027,5
2019-11,600809,1.0692764906710117,6
2019-11,601100,0.8439653433328136,7
2019-11,002142,0.8170900483808424,8
2019-11,600233,0.7223542465815576,9
2019-11,000792,0.7105109418242792,10
2019-12,000708,1.7532111334811173,1
2019-12,603799,1.7191872245779145,2
2019-12,603501,1.3880879765591105,3
2019-12,002241,0.8902816906601421,4
2019-12,600845,0.8869229650373593,5
2019-12,300124,0.663908523500295,6
2019-12,300413,0.6489722101342514,7
2019-12,601058,0.6216603017922756,8
2019-12,600585,0.619664313579799,9
2019-12,601100,0.6064956353093918,10
2020-01,601872,1.864728839041991,1
2020-01,603799,1.8274372599229598,2
2020-01,601901,1.4897689078952439,3
2020-01,600061,1.3345845799473077,4
2020-01,300308,1.220936670300198,5
2020-01,601808,1.1267282088516695,6
2020-01,300251,0.9875053824294907,7
2020-01,601236,0.9548300292642884,8
2020-01,300661,0.9069726922064625,9
2020-01,300124,0.9017198999570448,10
2020-02,601689,2.027013977529822,1
2020-02,002460,1.9550109141054723,2
2020-02,300413,1.897222121389976,3
2020-02,603799,1.6859741121249474,4
2020-02,300476,1.4280830943472127,5
2020-02,688012,1.4043663902581183,6
2020-02,002241,1.3214093550427992,7
2020-02,002920,1.2061414868380225,8
2020-02,603986,0.9478436455254315,9
2020-02,002600,0.8945985201985566,10
2020-03,002920,1.6955188729684023,1
2020-03,600588,1.5311533099508137,2
2020-03,002028,1.4893043232153613,3
2020-03,300316,1.356468275928061,4
2020-03,601100,1.0814572451849176,5
2020-03,601066,0.9577175763840766,6
2020-03,300476,0.955674285609583,7
2020-03,601236,0.8709882599236659,8
2020-03,300661,0.8383229584623844,9
2020-03,000708,0.8048599597852223,10
2020-04,300122,1.6000585526556588,1
2020-04,601100,1.542764557765985,2
2020-04,600515,1.2900787304538561,3
2020-04,600039,1.2136412558716296,4
2020-04,002311,1.1361389710668504,5
2020-04,300628,0.6690575262808903,6
2020-04,688012,0.5495146257506348,7
2020-04,300413,0.5453440716857747,8
2020-04,002371,0.5438682871079032,9
2020-04,000708,0.4898324040673572,10
2020-05,002709,1.5292600401735241,1
2020-05,300782,1.5149950467833242,2
2020-05,601689,1.426006502844305,3
2020-05,002371,1.1848064503862208,4
2020-05,300316,1.1038905205448066,5
2020-05,300476,1.0715034536700214,6
2020-05,000975,1.0642603512961009,7
2020-05,300394,1.054860735139817,8
2020-05,300124,1.0320552298619674,9
2020-05,300502,1.0296551171372208,10
2020-06,002920,1.957975394347781,1
2020-06,688012,1.884699452353337,2
2020-06,300759,1.5361482275735712,3
2020-06,600600,1.2937333979728165,4
2020-06,300413,1.2235816815000704,5
2020-06,600515,1.213756497884893,6
2020-06,002371,1.0850938216422361,7
2020-06,601689,1.0308976644119858,8
2020-06,600926,0.9592181614143912,9
2020-06,601100,0.8725172512177228,10
2020-07,300759,1.6954056953845904,1
2020-07,603893,1.456734205633861,2
2020-07,300014,1.3865578840419839,3
2020-07,300347,1.2811270409871465,4
2020-07,600161,1.2335688833732303,5
2020-07,300661,1.1568951293257221,6
2020-07,300502,1.149015504197032,7
2020-07,300394,1.1486423834170092,8
2020-07,002920,1.140758942015871,9
2020-07,600999,1.1283923414407182,10
2020-08,002625,1.6389547427118272,1
2020-08,002352,1.4132860078345082,2
2020-08,300274,1.3441898553711251,3
2020-08,300122,1.1384496490345275,4
2020-08,002028,1.0464356527258254,5
2020-08,300124,0.9838255778573655,6
2020-08,002311,0.9045307151707024,7
2020-08,300661,0.8078542974027493,8
2020-08,600176,0.7100680307722221,9
2020-08,002920,0.7034059130900566,10
2020-09,600926,1.6332889091229397,1
2020-09,600809,1.4765478253528572,2
2020-09,600346,1.4632449827318923,3
2020-09,600436,1.3993529293441527,4
2020-09,600176,1.3664205985013342,5
2020-09,000596,1.2854666163930388,6
2020-09,302132,1.1733084007168608,7
2020-09,601838,0.9981660983301132,8
2020-09,300124,0.9616149255644122,9
2020-09,300033,0.897777831072176,10
2020-10,002709,2.0150406936591763,1
2020-10,300122,1.6083682474641827,2
2020-10,601878,1.5845697697864036,3
2020-10,002625,1.4795268981170469,4
2020-10,002920,1.2004177075427418,5
2020-10,600845,1.1182493468162957,6
2020-10,300661,1.0465774432014179,7
2020-10,300124,0.9820371383701257,8
2020-10,601788,0.9754990665592035,9
2020-10,688169,0.952160352450115,10
2020-11,002709,1.4064970449916478,1
2020-11,601919,1.2162488224611046,2
2020-11,600809,1.1700636800516615,3
2020-11,300122,1.162919973694931,4
2020-11,601012,1.1198248464813485,5
2020-11,300124,1.1000853497452763,6
2020-11,600926,1.0359567040203042,7
2020-11,601901,1.0302469918714536,8
2020-11,603369,0.8962158698867306,9
2020-11,000001,0.8434197918537621,10
2020-12,000807,1.7765312140841276,1
2020-12,600346,1.482200022998165,2
2020-12,601919,1.4469629742642929,3
2020-12,601127,1.4069000452590639,4
2020-12,002709,1.1165588743397807,5
2020-12,600918,1.1153003830011465,6
2020-12,000301,0.9982824386528628,7
2020-12,603260,0.9869931144883046,8
2020-12,300274,0.9458469626852606,9
2020-12,300782,0.9379586380949134,10
2021-01,600809,1.846851965630634,1
2021-01,601919,1.5179118304899626,2
2021-01,600760,1.3855383970605897,3
2021-01,002709,1.349965323338524,4
2021-01,600176,1.1984526285961383,5
2021-01,600918,1.176292367887761,6
2021-01,601100,1.1085849124941214,7
2021-01,601127,1.0083058593504504,8
2021-01,300124,0.9005544456406254,9
2021-01,300014,0.8394592084084741,10
2021-02,300274,1.8860981496038096,1
2021-02,601058,1.7612090450965452,2
2021-02,601127,1.7192837980903455,3
2021-02,002466,1.386003818215365,4
2021-02,000301,1.3572389639939733,5
2021-02,601901,1.1357858533394307,6
2021-02,603799,1.0686623894380387,7
2021-02,600346,1.0616028155427635,8
2021-02,002415,1.0427355938955747,9
2021-02,600031,0.9808578229689547,10
2021-03,000807,1.4687427670718376,1
2021-03,000301,0.9988292719882967,2
2021-03,600438,0.9203597684640276,3
2021-03,601058,0.8748041448035577,4
2021-03,601919,0.7932392588080315,5
2021-03,601618,0.789972880485498,6
2021-03,600031,0.7093575686312656,7
2021-03,300274,0.6806430235425509,8
2021-03,603799,0.506525055546335,9
2021-03,600036,0.41062394439681005,10
2021-04,600025,1.530590201612597,1
2021-04,601919,1.3195105975610084,2
2021-04,688169,1.2564077607098674,3
2021-04,601009,1.2046417753047922,4
2021-04,603799,1.1232388439293257,5
2021-04,600115,0.9273358232748555,6
2021-04,600039,0.9177122710146547,7
2021-04,600809,0.915999335081711,8
2021-04,000301,0.8758257047104014,9
2021-04,300274,0.7948684951500937,10
2021-05,601919,2.074529716077998,1
2021-05,002709,1.8027697071158648,2
2021-05,000807,1.5806679807976576,3
2021-05,300274,1.385099181868704,4
2021-05,300782,1.317640820795582,5
2021-05,600039,1.2293888910556698,6
2021-05,603260,1.1054497651825734,7
2021-05,300122,1.0717411113731679,8
2021-05,600809,1.055844265384706,9
2021-05,688169,1.036083390525064,10
2021-06,000408,1.7789202203737153,1
2021-06,601377,1.6414318053602754,2
2021-06,601901,1.4532632185927314,3
2021-06,601919,1.3730524443036716,4
2021-06,002709,1.2368009103612077,5
2021-06,002049,1.1598364611080283,6
2021-06,300059,0.9984421967541686,7
2021-06,600809,0.9983756633409406,8
2021-06,600436,0.921837304627417,9
2021-06,600515,0.9187443856784647,10
2021-07,000408,1.6304953407358167,1
2021-07,601919,1.541812531396534,2
2021-07,603893,1.3838169364005612,3
2021-07,300782,1.3706687212454605,4
2021-07,603260,1.3038881729312213,5
2021-07,002709,1.2553796895110656,6
2021-07,000983,1.2048110686409004,7
2021-07,000301,1.1574390484761783,8
2021-07,600436,1.089622802318385,9
2021-07,300759,1.0163639522543613,10
2021-08,300661,1.7678308271375784,1
2021-08,600111,1.6767611312386834,2
2021-08,000408,1.621424918873935,3
2021-08,000301,1.5518520185514608,4
2021-08,601618,1.4918424072292504,5
2021-08,603260,1.4193839657485108,6
2021-08,603893,1.3481099265124286,7
2021-08,000983,1.3159690988138817,8
2021-08,000807,1.2387711408021127,9
2021-08,300394,1.17993900175809,10
2021-09,600111,1.8565119281343403,1
2021-09,000792,1.846552227717536,2
2021-09,600010,1.7727192591544796,3
2021-09,601618,1.554941276636031,4
2021-09,600160,1.3616069746920996,5
2021-09,000408,1.3251865515658048,6
2021-09,000983,1.3078899691513088,7
2021-09,600803,1.2930837814372804,8
2021-09,000301,1.1434259881608155,9
2021-09,601669,1.1255621751363587,10
2021-10,600011,1.640595918421758,1
2021-10,601669,1.317052956597949,2
2021-10,600025,1.3125514450214306,3
2021-10,600233,1.0677979933831225,4
2021-10,300476,1.027731854317864,5
2021-10,300661,1.0230227458782029,6
2021-10,600039,0.9546553649893212,7
2021-10,002709,0.6903985320604147,8
2021-10,600958,0.6712921011687589,9
2021-10,600515,0.5731268064728811,10
2021-11,601669,1.646600157374311,1
2021-11,600039,1.4351302532093078,2
2021-11,600011,1.3405765747098486,3
2021-11,601058,0.9692456383318132,4
2021-11,603260,0.8879317640437815,5
2021-11,300124,0.8005568922334448,6
2021-11,300661,0.7771309385818286,7
2021-11,601111,0.7480680089148567,8
2021-11,002028,0.7059763621258086,9
2021-11,605117,0.6530992656336345,10
2021-12,000776,1.6482323256104148,1
2021-12,600039,1.6025973088819252,2
2021-12,300476,1.5925120543588664,3
2021-12,002028,1.4720684134491733,4
2021-12,601689,1.4411786073369492,5
2021-12,002463,1.3215012013308114,6
2021-12,600111,1.149567112518663,7
2021-12,603893,1.1363562802510376,8
2021-12,302132,1.0230745594341295,9
2021-12,002916,0.9780549863054334,10
2022-01,600011,1.687175211522918,1
2022-01,601669,1.3749001257386002,2
2022-01,000408,1.3310132109110593,3
2022-01,000999,1.2054234010102673,4
2022-01,601456,1.1643752254874828,5
2022-01,300498,1.0651037007672763,6
2022-01,600039,1.0480283600581304,7
2022-01,000792,1.0196276592946356,8
2022-01,605117,0.9960598313650432,9
2022-01,601689,0.9060347294935032,10
2022-02,601111,2.2607995457865333,1
2022-02,600115,1.6866664524786685,2
2022-02,600029,1.6324382304915295,3
2022-02,601456,1.5044947468888117,4
2022-02,300498,1.500545595279053,5
2022-02,601669,1.2701937676363801,6
2022-02,000999,1.2064109421434048,7
2022-02,000876,1.1603736624000525,8
2022-02,002463,1.1212136221615006,9
2022-02,601838,0.9738445912434294,10
2022-03,600039,1.3082493880614647,1
2022-03,300442,1.28830141893768,2
2022-03,300803,1.283502269281251,3
2022-03,601808,1.283152454019561,4
2022-03,605117,1.2814299259966686,5
2022-03,600011,1.198472227228994,6
2022-03,600233,1.1555876665597449,7
2022-03,601111,1.0512312214542656,8
2022-03,000999,1.0397016256924259,9
2022-03,600026,0.8709515928033363,10
2022-04,000999,1.9748729509807346,1
2022-04,000876,1.436242467765877,2
2022-04,300498,1.420346118881024,3
2022-04,300803,1.309307651139599,4
2022-04,601838,1.2719866171290524,5
2022-04,601236,1.2035949955713134,6
2022-04,000983,1.1557536223743923,7
2022-04,600372,1.1260602586799282,8
2022-04,601689,0.9851237464292508,9
2022-04,601111,0.9370566777341938,10
2022-05,300803,2.242255707124141,1
2022-05,600026,1.7385696768783538,2
2022-05,601838,1.279591407705443,3
2022-05,000983,1.2259259765362447,4
2022-05,601009,1.0832493511316463,5
2022-05,600926,1.0435257996106102,6
2022-05,300832,0.8987668164186657,7
2022-05,601111,0.6389037745598592,8
2022-05,000975,0.5482814693326901,9
2022-05,601236,0.5418400064651312,10
2022-06,601872,2.158292141844228,1
2022-06,600026,2.1423856696659342,2
2022-06,600233,1.119561975595254,3
2022-06,000983,1.0839545422315449,4
2022-06,601808,1.0640786168309413,5
2022-06,000792,0.9316200722360133,6
2022-06,300803,0.9245103593292399,7
2022-06,002466,0.9072181071122516,8
2022-06,601111,0.8749268124374383,9
2022-06,300442,0.7893115082793438,10
2022-07,601878,1.1227763007843308,1
2022-07,601111,1.0942745340916686,2
2022-07,600026,1.0368712017615012,3
2022-07,601628,1.0271822329745817,4
2022-07,000999,0.768589922522259,5
2022-07,300442,0.7314235101993468,6
2022-07,600066,0.6814887784207616,7
2022-07,601788,0.6707901168287971,8
2022-07,002466,0.663416054335,9
2022-07,000963,0.6598341213549268,10
2022-08,601788,1.5390402064246476,1
2022-08,600026,1.5380784320139336,2
2022-08,002384,1.4355197113290068,3
2022-08,600160,1.3732991924219586,4
2022-08,601872,1.2992910997734306,5
2022-08,600150,1.2511243280948514,6
2022-08,000975,1.084503736650905,7
2022-08,688223,0.9133163082057849,8
2022-08,601058,0.9062042916371225,9
2022-08,688082,0.8552228326601579,10
2022-09,601788,1.8284187654460768,1
2022-09,600026,1.506198983077361,2
2022-09,600027,1.3490154585407206,3
2022-09,600803,1.200931475472995,4
2022-09,605117,1.1131197965634532,5
2022-09,000596,1.045767714149949,6
2022-09,601872,0.9503253644646757,7
2022-09,600011,0.8740891716580499,8
2022-09,601878,0.7506469453379641,9
2022-09,002600,0.6720629274147287,10
2022-10,688111,1.2718085354672535,1
2022-10,600026,1.2624119710931199,2
2022-10,300015,1.2085841034518205,3
2022-10,000596,1.1994970876398976,4
2022-10,300832,1.1440435842873553,5
2022-10,000975,1.1379014976416084,6
2022-10,601111,1.0521076959500095,7
2022-10,600027,1.0332058019068904,8
2022-10,688223,0.9530502364723091,9
2022-10,600515,0.9156081912746036,10
2022-11,300832,2.1987570716106823,1
2022-11,600588,1.730328903565292,2
2022-11,000999,1.6810425645255551,3
2022-11,600875,1.104971483616708,4
2022-11,601808,1.0801116363875254,5
2022-11,688082,1.0219334289314674,6
2022-11,601788,0.9626767773528849,7
2022-11,000975,0.9215098295692289,8
2022-11,600027,0.9049566921378758,9
2022-11,301236,0.7820785004415614,10
2022-12,000617,2.1984082928628608,1
2022-12,600050,1.6297301842609233,2
2022-12,000999,1.3068802088827427,3
2022-12,001979,1.1587858311204604,4
2022-12,000975,1.1308605498019473,5
2022-12,600027,1.0285890604861425,6
2022-12,601021,0.9436334397675086,7
2022-12,600029,0.8884387535078642,8
2022-12,605499,0.8715840794980212,9
2022-12,601698,0.8130726086842627,10
2023-01,002252,1.734047611348285,1
2023-01,603369,1.5355480746319146,2
2023-01,600515,1.3813669307342047,3
2023-01,601021,1.3691939535176847,4
2023-01,002422,1.3282962344534157,5
2023-01,600029,1.109541034613382,6
2023-01,600845,0.9983963755904868,7
2023-01,600115,0.9966004371043513,8
2023-01,600009,0.9666950674032658,9
2023-01,600027,0.9191372194886551,10
2023-02,300803,1.5749459123954699,1
2023-02,600958,1.546599173464516,2
2023-02,300033,1.5448885882462173,3
2023-02,000807,1.277429757045168,4
2023-02,600050,1.2700905117037462,5
2023-02,000938,1.0289451501818832,6
2023-02,600489,0.9033533346136253,7
2023-02,600026,0.8537548987780884,8
2023-02,600061,0.8459174630910673,9
2023-02,600362,0.8150811966718711,10
2023-03,688256,2.044977539103257,1
2023-03,302132,1.4585526837523521,2
2023-03,600066,1.3949709738546925,3
2023-03,688047,1.3795331332619232,4
2023-03,605499,1.1526496688971521,5
2023-03,000100,0.9649906893875586,6
2023-03,300832,0.8552307004406982,7
2023-03,300476,0.8262876524411823,8
2023-03,600362,0.771862595165985,9
2023-03,688169,0.7700914004130536,10
2023-04,688047,1.3935601092114434,1
2023-04,301269,1.020438533416238,2
2023-04,603893,0.8804097151662829,3
2023-04,000425,0.8740585576649785,4
2023-04,300442,0.8543873954790229,5
2023-04,688169,0.8157688812575612,6
2023-04,300251,0.7468200738521588,7
2023-04,601800,0.5406105128601766,8
2023-04,300476,0.4707540808157344,9
2023-04,603993,0.40189834038083105,10
2023-05,688082,1.5418976098039567,1
2023-05,300866,1.068870005084098,2
2023-05,300251,0.9617423499530511,3
2023-05,600918,0.9269231543052793,4
2023-05,688047,0.8137006481601228,5
2023-05,601600,0.5990256099413085,6
2023-05,601658,0.5757146066825696,7
2023-05,002028,0.5496834868280452,8
2023-05,000807,0.3254117602680624,9
2023-05,301269,0.3216434893575081,10
2023-06,688256,2.0090454751312317,1
2023-06,600023,1.798842311576923,2
2023-06,600482,0.950800810412057,3
2023-06,300442,0.8724814002032054,4
2023-06,002028,0.696684161887526,5
2023-06,601360,0.6762502102311134,6
2023-06,600015,0.5987850483841184,7
2023-06,601136,0.5582362903598241,8
2023-06,601077,0.5342971685424891,9
2023-06,600061,0.4955433111275988,10
2023-07,600482,1.7089450320696626,1
2023-07,002600,1.0669928971882228,2
2023-07,688169,0.8136231961525764,3
2023-07,300476,0.7582582495036065,4
2023-07,688223,0.6444198052291932,5
2023-07,601127,0.6315734108485879,6
2023-07,600600,0.44853187057855404,7
2023-07,688256,0.32623631837374945,8
2023-07,600015,0.2967000681485167,9
2023-07,601633,0.2909988136928068,10
2023-08,688169,1.2651425928092468,1
2023-08,601059,1.043622493586647,2
2023-08,600482,1.0143638468021847,3
2023-08,601136,1.0052505721462108,4
2023-08,601127,0.9384113437305192,5
2023-08,300803,0.880073320216051,6
2023-08,000977,0.6138178183433104,7
2023-08,601995,0.4978413647609742,8
2023-08,688256,0.4789402092436875,9
2023-08,600918,0.4058004984590941,10
2023-09,300803,0.8321606882654263,1
2023-09,601136,0.6693133115660129,2
2023-09,601825,0.5119457253780179,3
2023-09,688506,0.5069727775017203,4
2023-09,600918,0.4981032074074625,5
2023-09,300251,0.410713938447838,6
2023-09,601127,0.35819920291952406,7
2023-09,002028,0.3049561089171766,8
2023-09,600015,0.2729552476433566,9
2023-09,601236,0.23979473294107667,10
2023-10,601127,1.9858344872420082,1
2023-10,601898,1.3043732614563541,2
2023-10,301236,1.0297764114886736,3
2023-10,601808,0.8344295034092627,4
2023-10,688506,0.5927294387197714,5
2023-10,600015,0.4685420564792352,6
2023-10,300347,0.4246600859589944,7
2023-10,601825,0.3360141678771169,8
2023-10,301269,0.32847544189485756,9
2023-10,600803,0.22901500049450893,10
2023-11,301236,1.8885793972694649,1
2023-11,300759,1.1200459727839536,2
2023-11,002384,0.4920198091389085,3
2023-11,601898,0.4650713472951489,4
2023-11,300661,0.45004553211099735,5
2023-11,600918,0.31029673261509216,6
2023-11,603288,0.24127069916749483,7
2023-11,600482,0.22106615390128517,8
2023-11,300347,0.22100622017877475,9
2023-11,600346,0.2008336093557176,10
2023-12,688506,1.3513287503895848,1
2023-12,300759,1.0250286333108338,2
2023-12,601898,1.0079504431667068,3
2023-12,600015,0.7298519874818241,4
2023-12,300661,0.6849446987529794,5
2023-12,601238,0.4595149679786843,6
2023-12,000876,0.3701321412561509,7
2023-12,600918,0.33293605934128756,8
2023-12,601808,0.31895719476545215,9
2023-12,601825,0.16602280552034981,10
2024-01,301236,2.2774313812947735,1
2024-01,601898,0.915663843829566,2
2024-01,002625,0.8092922024554153,3
2024-01,600183,0.6872653753602989,4
2024-01,601059,0.5280496455599096,5
2024-01,600219,0.43321711709924043,6
2024-01,600803,0.4207031008674949,7
2024-01,688047,0.38222756829647886,8
2024-01,002709,0.31614740822436205,9
2024-01,300759,0.27491683220908075,10
2024-02,601898,1.963764643113836,1
2024-02,688506,0.8133492611954776,2
2024-02,601825,0.7617870401027368,3
2024-02,600219,0.38808083676586347,4
2024-02,688472,0.38772480342915905,5
2024-02,600027,0.369481889997589,6
2024-02,600803,0.3361146943593643,7
2024-02,000001,0.31542744725953653,8
2024-02,601808,0.3109210702438922,9
2024-02,301236,0.28299489671392386,10
2024-03,600066,1.3564342082264778,1
2024-03,601298,1.1303514369147787,2
2024-03,601127,1.0501985248334929,3
2024-03,688506,0.9599467335866958,4
2024-03,002625,0.841542455413858,5
2024-03,300442,0.6560156149926801,6
2024-03,601825,0.6343423353123792,7
2024-03,688047,0.576353006969586,8
2024-03,600803,0.37293628887233793,9
2024-03,601898,0.325074265301961,10
2024-04,688187,1.6310622485744914,1
2024-04,603296,1.4381415392907022,2
2024-04,300251,1.0965007240848346,3
2024-04,601878,1.0502042632330661,4
2024-04,300347,0.9195995387816531,5
2024-04,688009,0.8675007724332051,6
2024-04,601898,0.49111127270683463,7
2024-04,600219,0.4655402973422613,8
2024-04,002709,0.21958370447756567,9
2024-04,600027,0.19611919050931742,10
2024-05,601878,0.96951737053161,1
2024-05,300628,0.835992447322284,2
2024-05,688506,0.7329028479753458,3
2024-05,000425,0.6736430978437722,4
2024-05,601808,0.6506470456630438,5
2024-05,688256,0.6124141554539637,6
2024-05,601898,0.5010960093573554,7
2024-05,600918,0.37831248423692343,8
2024-05,688187,0.3708797401365885,9
2024-05,000895,0.338395421753597,10
2024-06,601077,1.3112974549029874,1
2024-06,601898,1.2131298358990659,2
2024-06,601808,0.9476860724171998,3
2024-06,688047,0.6186902187307252,4
2024-06,603296,0.6131745995809593,5
2024-06,000768,0.5359835211842213,6
2024-06,605117,0.4884978064640624,7
2024-06,688303,0.4826785733701865,8
2024-06,688187,0.4458437358537595,9
2024-06,688256,0.39739304176454426,10
2024-07,603893,1.0123694876625342,1
2024-07,688256,0.9606265979372373,2
2024-07,688009,0.8426694403272432,3
2024-07,600023,0.7425103568626641,4
2024-07,600803,0.741807560688148,5
2024-07,601825,0.6308544356746335,6
2024-07,601808,0.4882350266852178,7
2024-07,601136,0.3850986892851998,8
2024-07,000425,0.3124646112612664,9
2024-07,688082,0.3083577573234371,10
2024-08,688256,2.0528892154244467,1
2024-08,000768,1.1499068480184995,2
2024-08,688047,0.9904918487605028,3
2024-08,600482,0.9292585770250736,4
2024-08,300347,0.8576360138606255,5
2024-08,300759,0.6521465790014883,6
2024-08,688126,0.5696974182358197,7
2024-08,601236,0.3959044642926001,8
2024-08,002625,0.3860202854687524,9
2024-08,301269,0.3302360392880688,10
2024-09,002938,1.9625502244403843,1
2024-09,688256,1.7014192818005758,2
2024-09,300866,1.3132806535561263,3
2024-09,300628,0.6649672847692153,4
2024-09,688472,0.6396849695623578,5
2024-09,000768,0.6375580685796532,6
2024-09,600219,0.574467630304221,7
2024-09,601211,0.560840567767178,8
2024-09,002625,0.4708783340259938,9
2024-09,600066,0.3534012561523141,10
2024-10,600061,1.1754254532090074,1
2024-10,601236,1.0392480013974912,2
2024-10,600999,1.0261894590862932,3
2024-10,000617,1.0051205198539566,4
2024-10,601066,0.9245786884358784,5
2024-10,688472,0.6066652440338463,6
2024-10,601995,0.4351043123756685,7
2024-10,002384,0.36898250377550657,8
2024-10,002625,0.35231903207721404,9
2024-10,688047,0.3342420299421742,10
2024-11,688256,1.847210240477334,1
2024-11,688047,1.584067366290308,2
2024-11,688396,1.0154819862437154,3
2024-11,600061,0.9762248692510774,4
2024-11,301269,0.9284745619970178,5
2024-11,601066,0.8752095412881906,6
2024-11,688472,0.8214721341495221,7
2024-11,688223,0.6929439090422473,8
2024-11,001979,0.6910406245347002,9
2024-11,601236,0.688532163363023,10
2024-12,688047,1.634710234416974,1
2024-12,002709,1.5738238107950606,2
2024-12,301269,1.3754074991450365,3
2024-12,600588,1.2720561010190865,4
2024-12,600515,0.8578089001623354,5
2024-12,601238,0.46294690609520817,6
2024-12,601077,0.38877149518412196,7
2024-12,688396,0.38066969826616426,8
2024-12,600061,0.3642034022878755,9
2024-12,000100,0.3294504049861122,10
2025-01,601825,0.7601876178623326,1
2025-01,601728,0.7519025869905557,2
2025-01,601939,0.7062383900850552,3
2025-01,601077,0.7016644732662028,4
2025-01,000100,0.5792039685876941,5
2025-01,600482,0.5750491996871687,6
2025-01,600066,0.5319507255883542,7
2025-01,600600,0.5242786863509437,8
2025-01,002384,0.47344581871196784,9
2025-01,000895,0.31019656559900977,10
2025-02,603296,1.416307944596538,1
2025-02,300251,1.3078198508011807,2
2025-02,002384,0.889678745418602,3
2025-02,000895,0.507368570822709,4
2025-02,601808,0.45409005020070636,5
2025-02,688082,0.4095475612190149,6
2025-02,000157,0.33267783656319305,7
2025-02,000100,0.33057492837210717,8
2025-02,301269,0.29506578499053837,9
2025-02,601728,0.2675643837050913,10
2025-03,000157,1.1981206496623866,1
2025-03,300014,1.065571657268456,2
2025-03,603369,1.032097128193198,3
2025-03,002709,0.805660511480479,4
2025-03,600588,0.7782650224663029,5
2025-03,688047,0.5988386369453625,6
2025-03,000338,0.5356315471285199,7
2025-03,300316,0.5211845841264162,8
2025-03,000596,0.42135255163107693,9
2025-03,600346,0.38549312856585705,10
2025-04,688506,1.5046844280805618,1
2025-04,600027,1.1714098036692353,2
2025-04,688187,1.0676529738120486,3
2025-04,301269,0.9470411314600131,4
2025-04,600588,0.7400893117460241,5
2025-04,002384,0.6716426974518813,6
2025-04,000651,0.654310728882297,7
2025-04,603799,0.6523488611767422,8
2025-04,601838,0.5201356005758214,9
2025-04,600600,0.5188373756413264,10
2025-05,603986,1.2883785373288996,1
2025-05,688506,1.2385380965308774,2
2025-05,601077,0.8334490885037964,3
2025-05,301269,0.6589284554761594,4
2025-05,600027,0.5679673654676052,5
2025-05,600926,0.539842607358811,6
2025-05,002625,0.4944835346484703,7
2025-05,600887,0.37056142013245946,8
2025-05,600219,0.3595603361195828,9
2025-05,300418,0.35240788124756567,10
2025-06,688506,1.538310421163942,1
2025-06,601838,1.1208488480549719,2
2025-06,000661,0.9930806514956145,3
2025-06,600015,0.8826935701576286,4
2025-06,002625,0.8664712526978269,5
2025-06,601336,0.7730177636705517,6
2025-06,000001,0.5898222471404287,7
2025-06,601939,0.587533350892179,8
2025-06,601077,0.5573822142699889,9
2025-06,301269,0.49620321904490383,10
2025-07,302132,2.086706551185853,1
2025-07,600547,0.6468611266076868,2
2025-07,601009,0.60810428757483,3
2025-07,601336,0.5939856488721728,4
2025-07,603986,0.5833424507222513,5
2025-07,600039,0.537783472993154,6
2025-07,601077,0.4941752220789119,7
2025-07,300442,0.46336923734328855,8
2025-07,600926,0.4498115535662818,9
2025-07,301269,0.3216915038130983,10
2025-08,002736,1.4029674949781819,1
2025-08,601336,1.2265410821678318,2
2025-08,002384,0.954719588665776,3
2025-08,688506,0.8498807694556538,4
2025-08,600515,0.7931246174508783,5
2025-08,000661,0.6616572010351194,6
2025-08,601066,0.5895453036001783,7
2025-08,002422,0.5138268694107488,8
2025-08,601601,0.4610350692314143,9
2025-08,000708,0.3516526335869938,10
2025-09,002938,1.4434996071301687,1
2025-09,600183,1.403088046293807,2
2025-09,002916,1.3397943319590413,3
2025-09,300033,1.3336697381151064,4
2025-09,600346,1.2174983212526134,5
2025-09,002736,1.1907602887532882,6
2025-09,002384,1.1635263356260124,7
2025-09,302132,0.8971309466665655,8
2025-09,603893,0.8291879693186692,9
2025-09,600415,0.7957904821353157,10
2025-10,300274,2.2027580922523606,1
2025-10,688981,2.099438322921114,2
2025-10,002460,1.9371669319339904,3
2025-10,002709,1.8093380134805566,4
2025-10,688472,1.7228296788785027,5
2025-10,300803,1.519921292821683,6
2025-10,603019,1.4610905816212303,7
2025-10,300502,1.1804957676552594,8
2025-10,600176,1.1728304555537081,9
2025-10,688047,1.1199527781705425,10
2025-11,688472,2.117026408111289,1
2025-11,300274,2.0306680067584155,2
2025-11,002709,1.718697704371081,3
2025-11,002460,1.6506955442457545,4
2025-11,600515,1.6388860324591246,5
2025-11,300308,1.5949249950660707,6
2025-11,002028,1.564450053349704,7
2025-11,600089,1.5088984854430643,8
2025-11,600183,1.4057453394696071,9
2025-11,000792,1.1662995322518592,10
2017-10,600438,1.5630998733447166,1
2017-10,601688,1.185220697785462,2
2017-10,600515,0.8088282992843082,3
2017-10,002600,0.7874400490007833,4
2017-10,300308,0.7484403177343173,5
2017-10,300502,0.7067019580719157,6
2017-10,601881,0.6054477962742042,7
2017-10,000661,0.5891926423777528,8
2017-10,300014,0.4750298375009726,9
2017-10,002179,0.45884925513038155,10
2017-11,002422,1.6188299267495991,1
2017-11,300274,1.437844044531914,2
2017-11,300661,1.1622006273571324,3
2017-11,600809,0.9751470978702449,4
2017-11,002384,0.9727235006379676,5
2017-11,000338,0.965347035871934,6
2017-11,600009,0.8915592585371497,7
2017-11,300308,0.7734824404514525,8
2017-11,601100,0.7353854165394271,9
2017-11,300015,0.7217413002783025,10
2017-12,300316,1.4479446671262202,1
2017-12,601100,1.4316847675998383,2
2017-12,600522,1.2102582928936843,3
2017-12,603993,0.9746812041669097,4
2017-12,600515,0.7955657786521045,5
2017-12,002625,0.6293521742083776,6
2017-12,000938,0.6273133440186784,7
2017-12,603019,0.5752018372361011,8
2017-12,600760,0.5080998591674035,9
2017-12,300122,0.4790515887135477,10
2018-01,600176,1.800394145664657,1
2018-01,300308,1.6428260314112977,2
2018-01,601100,1.423798000961502,3
2018-01,300316,1.3237906452442458,4
2018-01,300274,1.279501058880948,5
2018-01,300413,0.9220990991823445,6
2018-01,600029,0.8671047249809216,7
2018-01,600809,0.8136805596030027,8
2018-01,002714,0.7335045202040759,9
2018-01,600362,0.6465230461780908,10
2018-02,601600,1.6571447713290453,1
2018-02,601009,1.2544446791383557,2
2018-02,601899,1.1327288383381608,3
2018-02,300015,0.9736935329131822,4
2018-02,300347,0.8761037678334966,5
2018-02,600346,0.8384835283997667,6
2018-02,601012,0.7986349781079161,7
2018-02,603799,0.7857665351342389,8
2018-02,600028,0.7822653598571748,9
2018-02,002001,0.7491939396664072,10
2018-03,600588,1.6670342765264499,1
2018-03,300347,1.6105756953270611,2
2018-03,601360,1.5925214556596725,3
2018-03,300251,1.4173893191752187,4
2018-03,002027,1.1578251954015932,5
2018-03,300308,1.1463825643393493,6
2018-03,601111,1.10247455425435,7
2018-03,601888,1.0879658490702382,8
2018-03,300413,0.9633533655123735,9
2018-03,002415,0.7813152551974762,10
2018-04,300316,1.8525889462802128,1
2018-04,603986,1.6040068176886728,2
2018-04,000938,1.317926019067237,3
2018-04,300015,1.2300100460063133,4
2018-04,603501,1.1472135596228994,5
2018-04,600547,0.9484553068226564,6
2018-04,300308,0.9441815978930228,7
2018-04,600276,0.910941150485135,8
2018-04,600011,0.7691743757216919,9
2018-04,601607,0.7396439435046305,10
2018-05,002422,1.8064405711593061,1
2018-05,300476,1.54513571944819,2
2018-05,300015,1.442733613325138,3
2018-05,600845,1.2090769551436131,4
2018-05,300316,1.1065908201050165,5
2018-05,000768,0.9422166760954408,6
2018-05,300124,0.9228641559381078,7
2018-05,000975,0.664480639057435,8
2018-05,600426,0.5651146349704452,9
2018-05,603986,0.4933533382512756,10
2018-06,603369,1.8011280175342623,1
2018-06,600600,1.6245387425527538,2
2018-06,603288,1.609435482376671,3
2018-06,300347,1.4933603295831461,4
2018-06,600276,1.444518519158812,5
2018-06,601607,1.2941847925305494,6
2018-06,300015,1.2155755501935612,7
2018-06,600011,1.113146152967216,8
2018-06,603260,1.0702395256351773,9
2018-06,600809,0.9311300525612851,10
2018-07,600845,1.8447007192016303,1
2018-07,300015,1.761787836173478,2
2018-07,002422,1.5299362037104138,3
2018-07,300122,1.4756989942228584,4
2018-07,600276,1.2769851796014604,5
2018-07,000596,1.2250124613463296,6
2018-07,603369,1.1720563469186167,7
2018-07,603288,1.150242692225134,8
2018-07,600690,1.0678138386775675,9
2018-07,603019,1.007034029001871,10
2018-08,600027,1.5874820398047238,1
2018-08,300015,1.476651709443788,2
2018-08,601888,1.1609480104293817,3
2018-08,600845,1.0053976190705518,4
2018-08,002475,0.758978600364707,5
2018-08,600019,0.677479620284736,6
2018-08,603288,0.588772111800659,7
2018-08,300413,0.4998812851091049,8
2018-08,600176,0.4908610497025931,9
2018-08,601100,0.47738691234184893,10
2018-09,000977,1.282527096426973,1
2018-09,000596,1.0138639992610896,2
2018-09,000002,0.8580451552140957,3
2018-09,300015,0.8249503234959993,4
2018-09,600660,0.8055039046226524,5
2018-09,600183,0.7843741975638886,6
2018-09,601808,0.694363778790946,7
2018-09,002475,0.6739418555782846,8
2018-09,601877,0.6452178807198037,9
2018-09,600585,0.6358309198160447,10
2018-10,603369,1.060975616723035,1
2018-10,600406,1.0492876318845739,2
2018-10,600027,0.8350140621256092,3
2018-10,601288,0.8010275119507492,4
2018-10,600028,0.6038731222233307,5
2018-10,601336,0.5168360653746249,6
2018-10,601398,0.4620167505693231,7
2018-10,300014,0.4297033276537662,8
2018-10,000301,0.3896907242858357,9
2018-10,300347,0.3547360572633425,10
2018-11,601872,1.8890734979909618,1
2018-11,600061,1.074472825828416,2
2018-11,600406,0.9853675929752665,3
2018-11,300033,0.9790712897166258,4
2018-11,601229,0.7828992790836027,5
2018-11,600377,0.5010568946986547,6
2018-11,601288,0.48045548881752487,7
2018-11,000002,0.463742166250681,8
2018-11,600028,0.4474597044266255,9
2018-11,002179,0.42387073339503484,10
2018-12,600150,1.5446923558197625,1
2018-12,600061,1.351341064624276,2
2018-12,002736,0.9597307719280471,3
2018-12,000166,0.8693337880140234,4
2018-12,600372,0.8089272734315702,5
2018-12,601166,0.5285431677985252,6
2018-12,300442,0.4992823331915933,7
2018-12,600482,0.4657633126215754,8
2018-12,300628,0.45056642044800765,9
2018-12,000630,0.4444918891015039,10
2019-01,600406,1.4572283435630942,1
2019-01,300628,1.2332180710510539,2
2019-01,600377,1.0876023642554473,3
2019-01,600183,0.9175345932924931,4
2019-01,601288,0.8825727474122331,5
2019-01,600161,0.8699120402855938,6
2019-01,002916,0.8696780032597238,7
2019-01,601012,0.836248221741303,8
2019-01,600031,0.6256153256512342,9
2019-01,000338,0.5392879806587272,10
2019-02,002714,1.702399449429119,1
2019-02,601012,1.1424072677683865,2
2019-02,300394,1.058552745291128,3
2019-02,000975,1.0119188493439015,4
2019-02,300014,0.9896782958350753,5
2019-02,600161,0.986684771414357,6
2019-02,601872,0.8237185872491322,7
2019-02,000002,0.758334867993496,8
2019-02,000100,0.6369237574538816,9
2019-02,601100,0.590150589757048,10
2019-03,600061,1.7500603322372996,1
2019-03,002736,1.6200990979916736,2
2019-03,002714,1.3827226816865568,3
2019-03,002709,1.1163611976930063,4
2019-03,300014,0.865575307776424,5
2019-03,300394,0.7889585048528063,6
2019-03,601012,0.7378040361955989,7
2019-03,300628,0.4314078522427801,8
2019-03,002475,0.32206049705079487,9
2019-03,000708,0.2852909192383991,10
2019-04,600061,1.4444240255588223,1
2019-04,002714,1.3663316214568701,2
2019-04,002736,1.3160571602742415,3
2019-04,000100,0.7196584204968756,4
2019-04,600406,0.6706883627824316,5
2019-04,000596,0.6380832387875202,6
2019-04,600600,0.5937278895790908,7
2019-04,002475,0.5901902482892689,8
2019-04,600161,0.5088124587906464,9
2019-04,600276,0.42005269331610867,10
2019-05,600438,1.4791233188007724,1
2019-05,601018,1.4201820991597591,2
2019-05,002600,1.201270450959083,3
2019-05,601012,1.1099241347583033,4
2019-05,601919,0.9884085221657043,5
2019-05,601628,0.8514498034491292,6
2019-05,600061,0.576645899392148,7
2019-05,000983,0.5558148345128257,8
2019-05,600066,0.5009501591363617,9
2019-05,002475,0.5001090127487664,10
2019-06,002714,1.5586710162369641,1
2019-06,603288,1.3755012435088567,2
2019-06,002600,1.293940915644705,3
2019-06,002311,1.070092941400317,4
2019-06,601100,1.0532904018375113,5
2019-06,600438,0.8182365472477778,6
2019-06,600009,0.7354088006056677,7
2019-06,002475,0.5951997961453689,8
2019-06,000568,0.5363787051240708,9
2019-06,601600,0.4874069336323885,10
2019-07,000596,1.5010294633380892,1
2019-07,000975,1.1315156583191432,2
2019-07,300628,1.0092013605432755,3
2019-07,603501,0.9282503635283028,4
2019-07,600845,0.8974144266330526,5
2019-07,600061,0.8126178229812628,6
2019-07,002371,0.7569522981568493,7
2019-07,002714,0.4498010499020291,8
2019-07,603288,0.3712884133092779,9
2019-07,603986,0.36552997120012876,10
2019-08,600150,1.8158604695291893,1
2019-08,002714,1.6993428429398172,2
2019-08,603501,1.6243605547418738,3
2019-08,000938,1.388197386467041,4
2019-08,300628,1.1220551228223583,5
2019-08,002475,1.0639041130426532,6
2019-08,002938,0.8366558787395864,7
2019-08,002352,0.7141680206478205,8
2019-08,002236,0.6972997820032805,9
2019-08,300394,0.6655771529138305,10
2019-09,002463,2.1374834530929188,1
2019-09,603501,1.9991590064272966,2
2019-09,603259,1.851007222321586,3
2019-09,002241,1.5601993062585109,4
2019-09,600026,1.3516036053812563,5
2019-09,002384,1.3173840914802946,6
2019-09,002475,1.3162750204288125,7
2019-09,300014,1.2982718395878603,8
2019-09,600150,1.1868370473732925,9
2019-09,002714,1.1648567152973626,10
2019-10,603259,1.3267783109762386,1
2019-10,002475,1.3251313005322762,2
2019-10,002916,1.2947398156809051,3
2019-10,300442,1.0756547258789688,4
2019-10,601808,0.8196674296406337,5
2019-10,600161,0.8110701792637687,6
2019-10,600845,0.7612708347692683,7
2019-10,600674,0.7565054662198607,8
2019-10,300347,0.7189532502300453,9
2019-10,600547,0.6983490699906635,10
2019-11,002714,1.7073903121579124,1
2019-11,603259,1.6905796418259331,2
2019-11,002475,1.6272458804850947,3
2019-11,603986,1.21548740184694,4
2019-11,300759,1.1962421197997513,5
2019-11,600276,1.1939708414786827,6
2019-11,300308,1.0758640907642574,7
2019-11,600809,1.0692764906710117,8
2019-11,601058,0.8603718767744288,9
2019-11,600233,0.7223542465815576,10
2019-12,601689,1.5784827657146137,1
2019-12,601808,1.3277429755424794,2
2019-12,601872,1.2761767860172986,3
2019-12,002475,1.178937507049859,4
2019-12,300661,0.9928565138494925,5
2019-12,300502,0.9772706432205905,6
2019-12,002241,0.8902816906601421,7
2019-12,600845,0.8869229650373593,8
2019-12,601236,0.7594139491374277,9
2019-12,002916,0.7254653424729656,10
2020-01,600061,1.3345845799473077,1
2020-01,601808,1.1267282088516695,2
2020-01,600585,1.1095764661886856,3
2020-01,601236,0.9548300292642884,4
2020-01,300661,0.9069726922064625,5
2020-01,002384,0.7949252616645344,6
2020-01,688012,0.7435537934126917,7
2020-01,000338,0.6551419893507864,8
2020-01,002475,0.5356528412285295,9
2020-01,002600,0.529335528086531,10
2020-02,601689,2.027013977529822,1
2020-02,300750,1.403024759210709,2
2020-02,300316,1.3182321534986736,3
2020-02,002920,1.2061414868380225,4
2020-02,002475,1.1613418929917065,5
2020-02,002600,0.8945985201985566,6
2020-02,300628,0.7255775488382253,7
2020-02,603019,0.7234913896512702,8
2020-02,300759,0.6910554972930698,9
2020-02,000063,0.6774813476974778,10
2020-03,002920,1.6955188729684023,1
2020-03,300316,1.356468275928061,2
2020-03,000063,1.2199320084873324,3
2020-03,300628,1.0916594026175743,4
2020-03,000100,1.0913445782570284,5
2020-03,300476,0.955674285609583,6
2020-03,601236,0.8709882599236659,7
2020-03,300661,0.8383229584623844,8
2020-03,000708,0.8048599597852223,9
2020-03,600585,0.715680973408289,10
2020-04,000876,1.7974240177117888,1
2020-04,002714,1.4764361713192722,2
2020-04,600039,1.2136412558716296,3
2020-04,000661,1.1614242703266515,4
2020-04,000977,0.9509215416414901,5
2020-04,603501,0.7198609879835062,6
2020-04,601766,0.6509020242189927,7
2020-04,688012,0.5495146257506348,8
2020-04,601236,0.4764160467363837,9
2020-04,002179,0.41113880499727606,10
2020-05,002709,1.5292600401735241,1
2020-05,601689,1.426006502844305,2
2020-05,600845,1.2481344314223493,3
2020-05,002371,1.1848064503862208,4
2020-05,300316,1.1038905205448066,5
2020-05,601066,1.0728228047798956,6
2020-05,300476,1.0715034536700214,7
2020-05,300394,1.054860735139817,8
2020-05,000876,0.9353942351465315,9
2020-05,600522,0.8814009415084676,10
2020-06,002920,1.957975394347781,1
2020-06,688012,1.884699452353337,2
2020-06,002049,1.3623013767137087,3
2020-06,600845,1.3164974710169393,4
2020-06,601698,1.2402323259563817,5
2020-06,600515,1.213756497884893,6
2020-06,603986,0.7611627186781436,7
2020-06,000661,0.7557209468608221,8
2020-06,600588,0.5619538067650545,9
2020-06,002142,0.49946517374366284,10
2020-07,300759,1.6954056953845904,1
2020-07,002475,1.5120475114228067,2
2020-07,300347,1.2811270409871465,3
2020-07,601788,1.1972879906020373,4
2020-07,300502,1.149015504197032,5
2020-07,300394,1.1486423834170092,6
2020-07,600999,1.1283923414407182,7
2020-07,600570,1.081447355758808,8
2020-07,600588,0.9150137296945502,9
2020-07,002709,0.8879242856746106,10
2020-08,002625,1.6389547427118272,1
2020-08,002352,1.4132860078345082,2
2020-08,002028,1.0464356527258254,3
2020-08,600482,0.8589526554560698,4
2020-08,300661,0.8078542974027493,5
2020-08,300394,0.6405140687528441,6
2020-08,600515,0.6297184585117456,7
2020-08,600845,0.5923903200891654,8
2020-08,600588,0.5850063590621212,9
2020-08,000333,0.5663579401915999,10
2020-09,600926,1.6332889091229397,1
2020-09,300759,1.2540682728684995,2
2020-09,000895,1.1809433049033289,3
2020-09,302132,1.1733084007168608,4
2020-09,002352,1.0108945316061697,5
2020-09,601628,0.9714470707985514,6
2020-09,601788,0.8542857959414503,7
2020-09,600482,0.8075901921623228,8
2020-09,300015,0.8044923245180676,9
2020-09,002311,0.7347341051480272,10
2020-10,002709,2.0150406936591763,1
2020-10,601878,1.5845697697864036,2
2020-10,002625,1.4795268981170469,3
2020-10,300316,1.2204785475108901,4
2020-10,600845,1.1182493468162957,5
2020-10,002027,1.1148996063341832,6
2020-10,601788,0.9754990665592035,7
2020-10,688169,0.952160352450115,8
2020-10,302132,0.9370942861487309,9
2020-10,300750,0.9282721749966002,10
2020-11,300274,2.143105258729353,1
2020-11,688169,1.7257533560293714,2
2020-11,002709,1.4064970449916478,3
2020-11,002027,1.095041963767073,4
2020-11,601901,1.0302469918714536,5
2020-11,300750,0.9920289632763626,6
2020-11,002179,0.8778063475998911,7
2020-11,300759,0.8583634569768025,8
2020-11,002459,0.8287855683665727,9
2020-11,600036,0.7523776992747071,10
2020-12,000807,1.7765312140841276,1
2020-12,300442,1.6160464831199643,2
2020-12,601919,1.4469629742642929,3
2020-12,000768,1.408926576421289,4
2020-12,601127,1.4069000452590639,5
2020-12,002709,1.1165588743397807,6
2020-12,603260,0.9869931144883046,7
2020-12,300782,0.9379586380949134,8
2020-12,600760,0.849469863422958,9
2020-12,002625,0.6022197881210578,10
2021-01,300274,1.792177967571323,1
2021-01,601919,1.5179118304899626,2
2021-01,600438,1.404838543795933,3
2021-01,600760,1.3855383970605897,4
2021-01,002709,1.349965323338524,5
2021-01,600176,1.1984526285961383,6
2021-01,600918,1.176292367887761,7
2021-01,000596,1.1173216236989933,8
2021-01,601100,1.1085849124941214,9
2021-01,300750,1.0780809989041664,10
2021-02,300274,1.8860981496038096,1
2021-02,601058,1.7612090450965452,2
2021-02,601127,1.7192837980903455,3
2021-02,002466,1.386003818215365,4
2021-02,000301,1.3572389639939733,5
2021-02,000157,1.291379463413097,6
2021-02,601901,1.1357858533394307,7
2021-02,002648,1.065831570528588,8
2021-02,600346,1.0616028155427635,9
2021-02,002415,1.0427355938955747,10
2021-03,601808,1.1334461905865116,1
2021-03,300442,1.0514249182259172,2
2021-03,000301,0.9988292719882967,3
2021-03,002714,0.9222789541862089,4
2021-03,601919,0.7932392588080315,5
2021-03,601618,0.789972880485498,6
2021-03,000157,0.7712588311584347,7
2021-03,600031,0.7093575686312656,8
2021-03,300274,0.6806430235425509,9
2021-03,000963,0.6277886004016167,10
2021-04,600025,1.530590201612597,1
2021-04,601919,1.3195105975610084,2
2021-04,000425,1.3155397348774571,3
2021-04,000963,1.192825218957772,4
2021-04,603799,1.1232388439293257,5
2021-04,000301,0.8758257047104014,6
2021-04,603259,0.7837493868990875,7
2021-04,000568,0.7415259508856233,8
2021-04,300442,0.7304428182832108,9
2021-04,601111,0.6905271816908185,10
2021-05,000963,2.2403930015528983,1
2021-05,601919,2.074529716077998,2
2021-05,000408,1.216495960356948,3
2021-05,603260,1.1054497651825734,4
2021-05,300122,1.0717411113731679,5
2021-05,600809,1.055844265384706,6
2021-05,601377,1.0213612237219656,7
2021-05,600111,0.9915646944624923,8
2021-05,300015,0.9792145414531698,9
2021-05,002648,0.7819603100770484,10
2021-06,000408,1.7789202203737153,1
2021-06,601377,1.6414318053602754,2
2021-06,000963,1.560076743224016,3
2021-06,601919,1.3730524443036716,4
2021-06,002709,1.2368009103612077,5
2021-06,300059,0.9984421967541686,6
2021-06,600809,0.9983756633409406,7
2021-06,600515,0.9187443856784647,8
2021-06,300274,0.8767916311302146,9
2021-06,688169,0.8100093185252654,10
2021-07,601919,1.541812531396534,1
2021-07,603260,1.3038881729312213,2
2021-07,002709,1.2553796895110656,3
2021-07,000983,1.2048110686409004,4
2021-07,002648,1.1118842140219938,5
2021-07,603799,0.9827588546149071,6
2021-07,601012,0.9073178885367384,7
2021-07,601127,0.9024151374083177,8
2021-07,002466,0.8963118194028681,9
2021-07,603501,0.7946391579122141,10
2021-08,601669,1.7987853014588329,1
2021-08,600111,1.6767611312386834,2
2021-08,000408,1.621424918873935,3
2021-08,002460,1.3516252484663291,4
2021-08,002466,1.3481098425245255,5
2021-08,000983,1.3159690988138817,6
2021-08,002459,1.2538562530774024,7
2021-08,300394,1.17993900175809,8
2021-08,601600,1.1238422071930785,9
2021-08,600958,0.9670726365344869,10
2021-09,600111,1.8565119281343403,1
2021-09,600150,1.6051142834574208,2
2021-09,302132,1.5185491229748755,3
2021-09,000408,1.3251865515658048,4
2021-09,000983,1.3078899691513088,5
2021-09,002460,1.250813052094477,6
2021-09,000301,1.1434259881608155,7
2021-09,600482,1.0981889203507573,8
2021-09,600760,1.089539092613106,9
2021-09,002709,0.9836836039240942,10
2021-10,300476,1.027731854317864,1
2021-10,600089,0.8534587282058136,2
2021-10,601872,0.8340033145039005,3
2021-10,002709,0.6903985320604147,4
2021-10,600958,0.6712921011687589,5
2021-10,600515,0.5731268064728811,6
2021-10,600026,0.5702643876465361,7
2021-10,600482,0.5395347342389197,8
2021-10,601877,0.45958162425350063,9
2021-10,601058,0.3892406195658692,10
2021-11,600089,1.5248870687673854,1
2021-11,600039,1.4351302532093078,2
2021-11,600011,1.3405765747098486,3
2021-11,300316,1.223930460847309,4
2021-11,002594,0.9051569773663644,5
2021-11,600009,0.8030557014631522,6
2021-11,300661,0.7771309385818286,7
2021-11,601985,0.7667403253701339,8
2021-11,600958,0.5937549340381876,9
2021-11,600760,0.5500827834257469,10
2021-12,600039,1.6025973088819252,1
2021-12,002463,1.3215012013308114,2
2021-12,600150,1.3204331265067835,3
2021-12,300394,1.2403242335849198,4
2021-12,688008,1.2221155144390066,5
2021-12,002466,1.1194343603644443,6
2021-12,302132,1.0230745594341295,7
2021-12,600010,0.9085226471172709,8
2021-12,002459,0.7011064713316892,9
2021-12,002460,0.6685230878817362,10
2022-01,601669,1.3749001257386002,1
2022-01,000999,1.2054234010102673,2
2022-01,601456,1.1643752254874828,3
2022-01,300251,1.1219747364413972,4
2022-01,600482,1.0573927640837917,5
2022-01,600039,1.0480283600581304,6
2022-01,300502,1.0002174934601924,7
2022-01,300394,0.8719620750130845,8
2022-01,002463,0.8697187877678786,9
2022-01,688008,0.7257275071330747,10
2022-02,601111,2.2607995457865333,1
2022-02,600029,1.6324382304915295,2
2022-02,600009,1.5130617817779641,3
2022-02,002463,1.1212136221615006,4
2022-02,603019,1.0216309238809758,5
2022-02,605117,0.8815285899637995,6
2022-02,002001,0.7528243234187697,7
2022-02,601021,0.7091660003749554,8
2022-02,300442,0.58844192830766,9
2022-02,600570,0.5680662807900162,10
2022-03,600039,1.3082493880614647,1
2022-03,300442,1.28830141893768,2
2022-03,605117,1.2814299259966686,3
2022-03,600547,1.2251934956265365,4
2022-03,600011,1.198472227228994,5
2022-03,601456,1.1440249557553452,6
2022-03,000999,1.0397016256924259,7
2022-03,600026,0.8709515928033363,8
2022-03,000807,0.8033492971233448,9
2022-03,002916,0.72749633599499,10
2022-04,000975,1.59223106324387,1
2022-04,002920,1.514851096571081,2
2022-04,300803,1.309307651139599,3
2022-04,600188,1.280339132587239,4
2022-04,601236,1.2035949955713134,5
2022-04,000983,1.1557536223743923,6
2022-04,600372,1.1260602586799282,7
2022-04,601111,0.9370566777341938,8
2022-04,600026,0.8126235502707542,9
2022-04,000617,0.7320759326696386,10
2022-05,601800,1.987919029219146,1
2022-05,600026,1.7385696768783538,2
2022-05,000983,1.2259259765362447,3
2022-05,600522,0.9094591414408097,4
2022-05,300059,0.8499518938878917,5
2022-05,601607,0.6994953939745545,6
2022-05,000975,0.5482814693326901,7
2022-05,601236,0.5418400064651312,8
2022-05,600115,0.5327241655177011,9
2022-05,601788,0.5241969470277497,10
2022-06,601872,2.158292141844228,1
2022-06,600026,2.1423856696659342,2
2022-06,000983,1.0839545422315449,3
2022-06,601808,1.0640786168309413,4
2022-06,600188,1.0503730879538296,5
2022-06,300442,0.7893115082793438,6
2022-06,000975,0.7529631696906034,7
2022-06,302132,0.6997996497993073,8
2022-06,300308,0.6865719876352588,9
2022-06,600372,0.6754021511535825,10
2022-07,000625,1.608411108374995,1
2022-07,601066,1.3473589345802837,2
2022-07,601456,1.2045236694466583,3
2022-07,601111,1.0942745340916686,4
2022-07,600026,1.0368712017615012,5
2022-07,600009,1.0077526624107385,6
2022-07,688303,0.9526511023826403,7
2022-07,300442,0.7314235101993468,8
2022-07,601788,0.6707901168287971,9
2022-07,000596,0.62254851087021,10
2022-08,600026,1.5380784320139336,1
2022-08,601127,1.5072199298026978,2
2022-08,601872,1.2992910997734306,3
2022-08,000975,1.084503736650905,4
2022-08,600010,0.8187401368801281,5
2022-08,601066,0.8144539059089605,6
2022-08,600025,0.7919595746761199,7
2022-08,600009,0.7330982494224587,8
2022-08,300803,0.7248248422017509,9
2022-08,600023,0.5883412796692273,10
2022-09,600026,1.506198983077361,1
2022-09,600803,1.200931475472995,2
2022-09,605117,1.1131197965634532,3
2022-09,000596,1.045767714149949,4
2022-09,601872,0.9503253644646757,5
2022-09,600150,0.7947687490918796,6
2022-09,688223,0.7504751954670902,7
2022-09,002600,0.6720629274147287,8
2022-09,688082,0.5960613706231361,9
2022-09,600009,0.564232476708399,10
2022-10,601872,1.5159141683776094,1
2022-10,000983,1.457349248002825,2
2022-10,688111,1.2718085354672535,3
2022-10,600026,1.2624119710931199,4
2022-10,300832,1.1440435842873553,5
2022-10,000975,1.1379014976416084,6
2022-10,600926,0.8544781741962582,7
2022-10,000963,0.7414357215706904,8
2022-10,600009,0.6650471647642419,9
2022-10,605499,0.6441470430293318,10
2022-11,300832,2.1987570716106823,1
2022-11,600588,1.730328903565292,2
2022-11,300442,1.3175440460180348,3
2022-11,600570,1.3063511378820776,4
2022-11,688082,1.0219334289314674,5
2022-11,300502,1.0154464087523967,6
2022-11,600150,1.0088761898482113,7
2022-11,000975,0.9215098295692289,8
2022-11,300316,0.8917947112219359,9
2022-11,300274,0.8663376952573214,10
2022-12,600050,1.6297301842609233,1
2022-12,601186,1.2048222055070001,2
2022-12,001979,1.1587858311204604,3
2022-12,000975,1.1308605498019473,4
2022-12,600027,1.0285890604861425,5
2022-12,600029,0.8884387535078642,6
2022-12,300803,0.7340506135377819,7
2022-12,300782,0.7302634304913259,8
2022-12,600061,0.7244183389625347,9
2022-12,600588,0.7078183778532647,10
2023-01,002252,1.734047611348285,1
2023-01,601021,1.3691939535176847,2
2023-01,600029,1.109541034613382,3
2023-01,600115,0.9966004371043513,4
2023-01,601298,0.824056640231587,5
2023-01,300251,0.8205830046964702,6
2023-01,601111,0.7897788024183977,7
2023-01,600588,0.7861888229603886,8
2023-01,300274,0.7361966791196295,9
2023-01,600050,0.6782147580719766,10
2023-02,300803,1.5749459123954699,1
2023-02,300782,1.4712959816212388,2
2023-02,600570,1.436857307159977,3
2023-02,000617,1.2916727101816834,4
2023-02,600050,1.2700905117037462,5
2023-02,600061,0.8459174630910673,6
2023-02,000975,0.8048742612548928,7
2023-02,301236,0.7827094651082162,8
2023-02,300442,0.7292502393034003,9
2023-02,688126,0.5669443640493059,10
2023-03,300502,1.579377134788567,1
2023-03,300308,1.5419580513421387,2
2023-03,600066,1.3949709738546925,3
2023-03,605499,1.1526496688971521,4
2023-03,603893,1.0321367285640797,5
2023-03,000100,0.9649906893875586,6
2023-03,300476,0.8262876524411823,7
2023-03,000983,0.627288011215723,8
2023-03,000661,0.45378791163968246,9
2023-03,600585,0.41926426014974927,10
2023-04,300394,1.7007443126166821,1
2023-04,300502,1.6334220486072915,2
2023-04,603893,0.8804097151662829,3
2023-04,300442,0.8543873954790229,4
2023-04,688169,0.8157688812575612,5
2023-04,002384,0.5281577059064564,6
2023-04,688082,0.3905775885959226,7
2023-04,600482,0.3161875234516528,8
2023-04,300832,0.2988123607912603,9
2023-04,300782,0.22984724985845276,10
2023-05,000617,1.0711776853621564,1
2023-05,601601,0.9192029864943185,2
2023-05,000977,0.9065077349430212,3
2023-05,601618,0.8251197795457756,4
2023-05,688047,0.8137006481601228,5
2023-05,601658,0.5757146066825696,6
2023-05,601138,0.5433764263078527,7
2023-05,000807,0.3254117602680624,8
2023-05,301269,0.3216434893575081,9
2023-05,600482,0.2511769924834484,10
2023-06,688256,2.0090454751312317,1
2023-06,300476,1.8250403008570986,2
2023-06,600023,1.798842311576923,3
2023-06,603019,1.6592599969024706,4
2023-06,300418,1.396993471155759,5
2023-06,688012,1.369059656720382,6
2023-06,600150,1.3355521343053534,7
2023-06,688082,1.1969463443121016,8
2023-06,600011,1.1741799641266324,9
2023-06,688111,1.1464897091234256,10
2023-07,600150,2.0643373563988767,1
2023-07,300308,1.7336231265923039,2
2023-07,300502,1.4197351748907425,3
2023-07,601698,1.2845082666214949,4
2023-07,601857,1.0121993077508933,5
2023-07,688169,0.8136231961525764,6
2023-07,300476,0.7582582495036065,7
2023-07,300418,0.6809318158002718,8
2023-07,600600,0.44853187057855404,9
2023-07,601607,0.42200417832970044,10
2023-08,000100,1.0130188591808973,1
2023-08,601238,0.9763296320164305,2
2023-08,300308,0.9438741612155742,3
2023-08,601127,0.9384113437305192,4
2023-08,002463,0.9342612472966099,5
2023-08,300476,0.8803126643316259,6
2023-08,601138,0.731355215652699,7
2023-08,000977,0.6138178183433104,8
2023-08,600010,0.5423126495660112,9
2023-08,600415,0.5254856769964881,10
2023-09,601138,1.011314907767036,1
2023-09,688012,0.9408277594408994,2
2023-09,601857,0.9255570132402757,3
2023-09,601336,0.7876489746184937,4
2023-09,300394,0.7827688161720514,5
2023-09,300308,0.7654818722471398,6
2023-09,688082,0.7339573022323993,7
2023-09,002236,0.7257347179958806,8
2023-09,000596,0.6401291294638773,9
2023-09,603259,0.5919131631170617,10
2023-10,601127,1.9858344872420082,1
2023-10,601898,1.3043732614563541,2
2023-10,688169,1.1518090272704877,3
2023-10,600415,1.081597124734588,4
2023-10,301236,1.0297764114886736,5
2023-10,002463,1.0105493974159192,6
2023-10,300476,0.9816076913835443,7
2023-10,601059,0.9443088565290325,8
2023-10,300759,0.9146802547037971,9
2023-10,601857,0.6462711858219615,10
2023-11,000338,2.011374609064208,1
2023-11,301236,1.8885793972694649,2
2023-11,688169,1.636422375265457,3
2023-11,601077,0.9811782860902253,4
2023-11,600023,0.7483162318257042,5
2023-11,600026,0.6554092738455767,6
2023-11,000596,0.6079697269520687,7
2023-11,002475,0.5533148940942955,8
2023-11,688082,0.3617099140473423,9
2023-11,603369,0.3240889191025582,10
2023-12,301236,1.4181755045382678,1
2023-12,605499,1.4008050748446983,2
2023-12,300759,1.0250286333108338,3
2023-12,601898,1.0079504431667068,4
2023-12,600188,0.7103346103050586,5
2023-12,300661,0.6849446987529794,6
2023-12,000725,0.5701801897523486,7
2023-12,601238,0.4595149679786843,8
2023-12,000876,0.3701321412561509,9
2023-12,002241,0.3239193992017909,10
2024-01,301236,2.2774313812947735,1
2024-01,603392,1.6835131468456948,2
2024-01,002241,1.5203218137783505,3
2024-01,300782,1.2892735572075305,4
2024-01,688169,0.8340322300975498,5
2024-01,000100,0.8143051873305739,6
2024-01,002625,0.8092922024554153,7
2024-01,601059,0.5280496455599096,8
2024-01,605499,0.48567146435394193,9
2024-01,600219,0.43321711709924043,10
2024-02,601009,1.267058491465888,1
2024-02,600023,1.1447837382316766,2
2024-02,688506,0.8133492611954776,3
2024-02,000983,0.7259380794431699,4
2024-02,600050,0.6856732574596585,5
2024-02,601939,0.6237472980166442,6
2024-02,600061,0.5757065306687056,7
2024-02,601136,0.5361286599342183,8
2024-02,601319,0.521262065337967,9
2024-02,688472,0.38772480342915905,10
2024-03,600160,1.7787614908502891,1
2024-03,301236,1.5434983187828484,2
2024-03,600066,1.3564342082264778,3
2024-03,601857,1.3036575843596756,4
2024-03,300418,1.2378459626667941,5
2024-03,600938,1.1477207556414202,6
2024-03,601127,1.0501985248334929,7
2024-03,002916,0.9959078888635272,8
2024-03,688506,0.9599467335866958,9
2024-03,002625,0.841542455413858,10
2024-04,300442,1.8618667667406972,1
2024-04,688187,1.6310622485744914,2
2024-04,603296,1.4381415392907022,3
2024-04,300347,0.9195995387816531,4
2024-04,300476,0.8065960265133446,5
2024-04,300502,0.6811224147483799,6
2024-04,601898,0.49111127270683463,7
2024-04,600219,0.4655402973422613,8
2024-04,601456,0.42360956967443175,9
2024-04,601390,0.36332953297569415,10
2024-05,300442,1.8086281696450976,1
2024-05,300476,1.5493156001507113,2
2024-05,300308,1.4183967388934986,3
2024-05,601919,1.0520366377998707,4
2024-05,600219,1.033116118770001,5
2024-05,600875,0.964544493157492,6
2024-05,300394,0.8890065870233027,7
2024-05,300628,0.835992447322284,8
2024-05,601136,0.7347498881162701,9
2024-05,600938,0.7023511652909301,10
2024-06,601077,1.3112974549029874,1
2024-06,600938,0.8868127820936766,2
2024-06,600875,0.7784485792922456,3
2024-06,601601,0.6222536820083523,4
2024-06,601857,0.6197222556786055,5
2024-06,688047,0.6186902187307252,6
2024-06,000975,0.5738704092393312,7
2024-06,000792,0.5610789700007647,8
2024-06,002459,0.5133632216514168,9
2024-06,688303,0.4826785733701865,10
2024-07,002384,1.958192328482889,1
2024-07,300308,1.6828975800928778,2
2024-07,002600,1.6118264541310798,3
2024-07,002463,1.5066475356048226,4
2024-07,300502,1.3704128903470159,5
2024-07,600066,0.947184715298229,6
2024-07,600219,0.8673092038145964,7
2024-07,600803,0.741807560688148,8
2024-07,600160,0.7263429327832428,9
2024-07,688506,0.678171861007595,10
2024-08,688256,2.0528892154244467,1
2024-08,300476,1.4954939379611192,2
2024-08,688047,0.9904918487605028,3
2024-08,603893,0.8044491767543589,4
2024-08,300803,0.6485129917470986,5
2024-08,600066,0.5705659381676214,6
2024-08,601318,0.504414009947532,7
2024-08,601298,0.481699695010313,8
2024-08,301269,0.3302360392880688,9
2024-08,601136,0.31898637830215454,10
2024-09,002938,1.9625502244403843,1
2024-09,688256,1.7014192818005758,2
2024-09,000999,1.0601716412414497,3
2024-09,605117,0.9573489848150962,4
2024-09,601601,0.7848579309075109,5
2024-09,600233,0.7202733590120982,6
2024-09,300661,0.6845234663724162,7
2024-09,601318,0.3880358863424436,8
2024-09,688169,0.3733718627627911,9
2024-09,300442,0.32056850420120386,10
2024-10,601236,1.0392480013974912,1
2024-10,600999,1.0261894590862932,2
2024-10,000617,1.0051205198539566,3
2024-10,688256,0.7978298693547778,4
2024-10,300866,0.7155454756818825,5
2024-10,300628,0.6488723673271545,6
2024-10,601319,0.5453666055536681,7
2024-10,002384,0.36898250377550657,8
2024-10,688047,0.3342420299421742,9
2024-10,002241,0.2742783283620233,10
2024-11,688256,1.847210240477334,1
2024-11,301236,1.6638405737512127,2
2024-11,000617,1.5680252202817564,3
2024-11,002384,1.4770208201677772,4
2024-11,002600,1.4177730372566462,5
2024-11,600061,0.9762248692510774,6
2024-11,300394,0.9621684529026273,7
2024-11,601318,0.8848935017956341,8
2024-11,300476,0.701948461179959,9
2024-11,688223,0.6929439090422473,10
2024-12,688256,1.8441165983620236,1
2024-12,688047,1.634710234416974,2
2024-12,002709,1.5738238107950606,3
2024-12,301269,1.3754074991450365,4
2024-12,600588,1.2720561010190865,5
2024-12,002460,1.2376986877900409,6
2024-12,000301,1.0664153031401413,7
2024-12,600010,0.7348541743186028,8
2024-12,688303,0.7314645853888397,9
2024-12,002466,0.5369266227381803,10
2025-01,002625,1.5030984543831716,1
2025-01,603019,1.272310976911069,2
2025-01,601456,1.0895455117653805,3
2025-01,600050,0.8439091118171622,4
2025-01,603986,0.7747739205997897,5
2025-01,601728,0.7519025869905557,6
2025-01,601601,0.5512471351533561,7
2025-01,600600,0.5242786863509437,8
2025-01,000895,0.31019656559900977,9
2025-01,688506,0.24011779888816104,10
2025-02,300866,1.4320113150142724,1
2025-02,603296,1.416307944596538,2
2025-02,300628,0.7992881932988444,3
2025-02,688041,0.691726293040699,4
2025-02,002625,0.6581453812837854,5
2025-02,002311,0.6545750875874113,6
2025-02,300750,0.6137946382604862,7
2025-02,601808,0.45409005020070636,8
2025-02,601058,0.44238812690860907,9
2025-02,601298,0.4383791767147389,10
2025-03,600050,1.4471173404766335,1
2025-03,688256,1.4151341101969628,2
2025-03,300442,1.2411721351596081,3
2025-03,603986,1.1064331095689774,4
2025-03,688111,1.0860789531939343,5
2025-03,300014,1.065571657268456,6
2025-03,002709,0.805660511480479,7
2025-03,600588,0.7782650224663029,8
2025-03,002460,0.7076761214740702,9
2025-03,601877,0.6165827891418578,10
2025-04,002648,1.2556358055836276,1
2025-04,000408,1.2307608283929976,2
2025-04,300866,0.9398842198661745,3
2025-04,002049,0.8648779161168105,4
2025-04,600023,0.6958904452994294,5
2025-04,002384,0.6716426974518813,6
2025-04,000651,0.654310728882297,7
2025-04,601018,0.6393897984150696,8
2025-04,600018,0.5494975348067431,9
2025-04,300442,0.49576534821796464,10
2025-05,688256,1.595194031056771,1
2025-05,603986,1.2883785373288996,2
2025-05,688506,1.2385380965308774,3
2025-05,300866,1.1998797159334424,4
2025-05,002422,1.1335187131869444,5
2025-05,601689,0.9659432038398486,6
2025-05,000977,0.8287484491452544,7
2025-05,600183,0.7928163520628208,8
2025-05,300661,0.6262116573863781,9
2025-05,688041,0.4607580994796786,10
2025-06,688506,1.538310421163942,1
2025-06,601916,1.1791899024857182,2
2025-06,601838,1.1208488480549719,3
2025-06,000661,0.9930806514956145,4
2025-06,601318,0.8966823941760932,5
2025-06,000975,0.8458082565908603,6
2025-06,002736,0.765299839500185,7
2025-06,601939,0.587533350892179,8
2025-06,601077,0.5573822142699889,9
2025-06,301269,0.49620321904490383,10
2025-07,302132,2.086706551185853,1
2025-07,002384,1.7339730129420508,2
2025-07,300308,1.3846757725625138,3
2025-07,000408,1.2260328655405277,4
2025-07,002916,1.1980162277722526,5
2025-07,002938,1.0816991927952144,6
2025-07,000807,1.0317969725422038,7
2025-07,688008,0.8677221201526468,8
2025-07,002460,0.7969055051762108,9
2025-07,002736,0.6073507362327416,10
2025-08,601669,1.759845415069515,1
2025-08,603259,1.7051755992133932,2
2025-08,002938,1.3548689936293299,3
2025-08,002463,1.1542598259507628,4
2025-08,002384,0.954719588665776,5
2025-08,688506,0.8498807694556538,6
2025-08,688082,0.8380810617061132,7
2025-08,601066,0.5895453036001783,8
2025-08,002422,0.5138268694107488,9
2025-08,601318,0.4725539565497515,10
2025-09,600010,1.7794644870946765,1
2025-09,600111,1.7427310970582313,2
2025-09,300394,1.667153151799491,3
2025-09,688303,1.6613810112825993,4
2025-09,300476,1.4663300199120166,5
2025-09,688082,1.4307615951232124,6
2025-09,000617,1.4139350789829592,7
2025-09,300502,1.3087459709612748,8
2025-09,300308,1.2608575567811116,9
2025-09,603259,1.1915527796950605,10
2025-10,300274,2.2027580922523606,1
2025-10,002460,1.9371669319339904,2
2025-10,002709,1.8093380134805566,3
2025-10,688008,1.8066278602688612,4
2025-10,300316,1.6881645549674467,5
2025-10,300803,1.519921292821683,6
2025-10,603019,1.4610905816212303,7
2025-10,002600,1.4189976159656914,8
2025-10,002920,1.4106258147765585,9
2025-10,300502,1.1804957676552594,10
2025-11,300274,2.0306680067584155,1
2025-11,601600,1.701890173982434,2
2025-11,002460,1.6506955442457545,3
2025-11,300308,1.5949249950660707,4
2025-11,600219,1.518513872547589,5
2025-11,002466,1.3765011425954254,6
2025-11,601138,1.1152628414816839,7
2025-11,603799,0.9447547117858792,8
2025-11,688012,0.8752162491473439,9
2025-11,300476,0.818155415947043,10
