year_month,stock_code,ret_next_month,dominant_factor
2017-10,603799,-0.10776313036200036,RET_6M
2017-10,002600,0.08331115251530474,RET_6M
2017-10,300394,-0.05676049838486397,VOL_SPIKE_6M
2017-10,300308,-0.1199750312109863,BIAS_20
2017-10,002371,0.08303594188121344,VOL_SPIKE_6M
2017-10,000596,-0.1661754327701439,BIAS_20
2017-10,300502,-0.14498105140413953,VOL_SPIKE_6M
2017-10,000661,0.003065379512284361,RET_6M
2017-10,600233,-0.16568831660670325,BIAS_20
2017-10,600588,-0.11719540711269316,VOL_SPIKE_6M
2017-11,600690,0.08964221746537926,VOL_SPIKE_6M
2017-11,300661,-0.07365522666928892,RET_6M
2017-11,601877,0.08633093525179847,VOL_SPIKE_6M
2017-11,000596,0.07920939958179818,RET_6M
2017-11,002384,-0.008339923790351533,BIAS_20
2017-11,002600,-0.1398034398034399,RET_6M
2017-11,600600,0.2819253438113949,UPSHADOW_20
2017-11,601100,0.09246231155778895,BIAS_20
2017-11,601127,-0.007306380905991339,VOL_SPIKE_6M
2017-11,000002,-0.0051249407937769,RET_6M
2017-12,601100,0.11844526218951246,VOL_SPIKE_6M
2017-12,600346,0.20595683106234164,BIAS_20
2017-12,300661,-0.1857749469214437,RET_6M
2017-12,601360,0.11503662214562671,UPSHADOW_20
2017-12,600515,-0.056745584366779345,UPSHADOW_20
2017-12,600188,0.2396737700605105,BIAS_20
2017-12,002600,-0.19937160811196797,RET_6M
2017-12,000100,-0.08508771929824566,UPSHADOW_20
2017-12,000301,0.08890845070422526,BIAS_20
2017-12,002648,0.08503401360544216,BIAS_20
2018-01,600346,0.05649435056494334,VOL_SPIKE_6M
2018-01,601100,0.032901501130989,VOL_SPIKE_6M
2018-01,300413,0.22524337025847596,UPSHADOW_20
2018-01,601360,0.11041344667697062,RET_6M
2018-01,000002,-0.129393703313322,UPSHADOW_20
2018-01,603288,-0.018841591067690122,UPSHADOW_20
2018-01,600845,0.2713308532341294,VOL_SPIKE_6M
2018-01,600760,-0.015437392795883409,BIAS_20
2018-01,002142,0.011636731596256,UPSHADOW_20
2018-01,000596,-0.13930499912907146,UPSHADOW_20
2018-02,601600,-0.19767441860465107,RET_6M
2018-02,000002,0.018043043941188497,RET_6M
2018-02,600346,-0.0687109596819988,RET_6M
2018-02,000876,-0.03832622202260649,UPSHADOW_20
2018-02,601225,-0.11719605695509316,BIAS_20
2018-02,601998,-0.057050592034445624,UPSHADOW_20
2018-02,002027,-0.1418394198061741,RET_6M
2018-02,601100,-0.03882142146127798,RET_6M
2018-02,600690,-0.09917748973471141,RET_6M
2018-02,002142,-0.06176544136034001,BIAS_20
2018-03,601360,-0.13159433851912505,VOL_SPIKE_6M
2018-03,002027,-0.1287861790442002,RET_6M
2018-03,300413,-0.08722358722358736,RET_6M
2018-03,601100,-0.010563380281690127,RET_6M
2018-03,002415,-0.06778727933350459,BIAS_20
2018-03,600426,0.07349100406268128,RET_6M
2018-03,600188,0.04798890429958402,VOL_SPIKE_6M
2018-03,000301,-0.07549759780370624,BIAS_20
2018-03,002142,-0.048240938166311365,VOL_SPIKE_6M
2018-03,002311,0.021477663230240474,UPSHADOW_20
2018-04,600845,-0.14342693044033183,RET_6M
2018-04,600372,-0.0651923519926284,VOL_SPIKE_6M
2018-04,302132,-0.013003289989033329,VOL_SPIKE_6M
2018-04,002179,0.0061736446241469345,BIAS_20
2018-04,300308,0.09734759061241505,RET_6M
2018-04,000301,0.09651076466221231,BIAS_20
2018-04,300413,0.173620457604307,RET_6M
2018-04,601607,0.13350866871993627,UPSHADOW_20
2018-04,601100,0.06635963994138572,RET_6M
2018-04,603993,-0.06204081632653058,VOL_SPIKE_6M
2018-05,300015,-0.02152267567615873,BIAS_20
2018-05,600188,-0.0028232636928289256,UPSHADOW_20
2018-05,600760,0.06217709960350826,VOL_SPIKE_6M
2018-05,601100,-0.08382410679230456,RET_6M
2018-05,601877,-0.16169749727965177,VOL_SPIKE_6M
2018-05,600438,-0.3883115803474936,BIAS_20
2018-05,300413,-0.12178899082568817,RET_6M
2018-05,601360,-0.15515993631495162,RET_6M
2018-05,600036,-0.08130563798219592,UPSHADOW_20
2018-05,000538,-0.06257259001161442,UPSHADOW_20
2018-06,000596,0.05506258645703288,BIAS_20
2018-06,002304,-0.024697226077532997,BIAS_20
2018-06,601607,-0.017426318817040487,VOL_SPIKE_6M
2018-06,600346,0.13296146044624746,UPSHADOW_20
2018-06,300413,0.04256986158265863,RET_6M
2018-06,300308,-0.13398577410079204,RET_6M
2018-06,000895,-0.04467866803469811,BIAS_20
2018-06,000301,-0.04130434782608694,BIAS_20
2018-06,002384,0.049518569463548934,VOL_SPIKE_6M
2018-06,600803,0.06929023190442707,UPSHADOW_20
2018-07,600690,-0.13580513041603792,UPSHADOW_20
2018-07,300661,-0.08739708676377467,BIAS_20
2018-07,000301,0.07558578987150422,VOL_SPIKE_6M
2018-07,000963,-0.028514742818548378,RET_6M
2018-07,300413,-0.06212424849699405,RET_6M
2018-07,300476,0.004581901489117968,BIAS_20
2018-07,600346,-0.018619640139647342,UPSHADOW_20
2018-07,002352,-0.0697424171094223,VOL_SPIKE_6M
2018-07,000999,0.03813897763578278,VOL_SPIKE_6M
2018-07,600372,-0.11188004613610147,BIAS_20
2018-08,300661,-0.04610995450690114,RET_6M
2018-08,600011,0.09825327510917026,VOL_SPIKE_6M
2018-08,601800,0.019016393442622848,BIAS_20
2018-08,002475,-0.17096398906955979,UPSHADOW_20
2018-08,000963,-0.06669853132875636,RET_6M
2018-08,600372,0.12363636363636354,BIAS_20
2018-08,002142,0.05840707964601788,UPSHADOW_20
2018-08,000338,0.06875170346143356,VOL_SPIKE_6M
2018-08,300413,-0.09081196581196582,RET_6M
2018-08,601100,-0.04073789392774785,BIAS_20
2018-09,000002,-0.002881701505301759,BIAS_20
2018-09,600183,-0.09877356161000905,UPSHADOW_20
2018-09,601100,-0.15865384615384615,VOL_SPIKE_6M
2018-09,601877,-0.012715033657441976,UPSHADOW_20
2018-09,000708,-0.08143651997976731,VOL_SPIKE_6M
2018-09,600048,0.035324047043122864,BIAS_20
2018-09,600050,-0.027554535017221604,VOL_SPIKE_6M
2018-09,000301,-0.17028731604765235,UPSHADOW_20
2018-09,600406,-0.016995895330938926,BIAS_20
2018-09,000999,-0.057432432432432456,RET_6M
2018-10,600406,0.013244601030860448,VOL_SPIKE_6M
2018-10,603288,-0.018588254146302385,RET_6M
2018-10,600027,0.09718309859154939,RET_6M
2018-10,600482,0.09794156706507295,VOL_SPIKE_6M
2018-10,600233,-0.05862457722660652,BIAS_20
2018-10,600011,0.06813559322033913,RET_6M
2018-10,601336,-0.05150040551500401,RET_6M
2018-10,000895,0.015978142076502833,BIAS_20
2018-10,601601,-0.06727099236641221,BIAS_20
2018-10,002352,-0.06632180358245832,VOL_SPIKE_6M
2018-11,600061,-0.14050751879699253,BIAS_20
2018-11,000166,-0.08280254777070073,VOL_SPIKE_6M
2018-11,600406,0.05404593260356294,UPSHADOW_20
2018-11,002736,-0.06742738589211617,VOL_SPIKE_6M
2018-11,600547,0.11830461108523527,UPSHADOW_20
2018-11,002142,-0.040971612525607215,RET_6M
2018-11,601668,-0.011718750000000111,UPSHADOW_20
2018-11,601601,-0.094373401534527,RET_6M
2018-11,600027,0.04107830551989733,RET_6M
2018-11,601318,-0.11641771049634941,RET_6M
2018-12,000876,0.09204225887360362,BIAS_20
2018-12,600438,0.23907134767836924,BIAS_20
2018-12,002736,-0.0011123470522802492,VOL_SPIKE_6M
2018-12,000166,0.08506944444444442,VOL_SPIKE_6M
2018-12,600372,0.03322173577131071,RET_6M
2018-12,601668,0.0731225296442688,BIAS_20
2018-12,601901,0.15328467153284664,UPSHADOW_20
2018-12,000002,0.16498762450569138,RET_6M
2018-12,600482,-0.008063265622577087,UPSHADOW_20
2018-12,600011,-0.13022841886680514,BIAS_20
2019-01,600406,-0.034994384347106444,VOL_SPIKE_6M
2019-01,300628,0.15755637294098856,BIAS_20
2019-01,600183,0.15041758990966425,BIAS_20
2019-01,600482,0.13178052211974367,RET_6M
2019-01,600161,0.14407109136351015,VOL_SPIKE_6M
2019-01,601012,0.22182976259409393,UPSHADOW_20
2019-01,300413,0.26830769230769236,UPSHADOW_20
2019-01,600438,0.15985741705511392,RET_6M
2019-01,601877,-0.012584269662921366,BIAS_20
2019-01,000338,0.08024096385542157,UPSHADOW_20
2019-02,600438,0.02182821118991307,RET_6M
2019-02,601012,-0.03691768162646314,RET_6M
2019-02,000975,0.018718404153573065,VOL_SPIKE_6M
2019-02,600161,0.10524782756444484,UPSHADOW_20
2019-02,601877,0.06167501137915332,VOL_SPIKE_6M
2019-02,600547,-0.04662397173300936,RET_6M
2019-02,000100,0.25743589743589745,VOL_SPIKE_6M
2019-02,000166,0.00385604113110527,UPSHADOW_20
2019-02,601100,0.17639450282942604,BIAS_20
2019-02,601628,-0.0020618556701030855,BIAS_20
2019-03,600061,-0.04397834912043308,BIAS_20
2019-03,002736,-0.08865979381443301,VOL_SPIKE_6M
2019-03,000166,-0.06914212548015364,VOL_SPIKE_6M
2019-03,601901,-0.09079445145018916,VOL_SPIKE_6M
2019-03,300394,-0.07110147023379132,RET_6M
2019-03,601628,0.0699527744982289,VOL_SPIKE_6M
2019-03,600438,0.17351739029844993,RET_6M
2019-03,600372,-0.079444891391794,RET_6M
2019-03,300628,0.11168549525922944,RET_6M
2019-03,000630,-0.023494058188772038,VOL_SPIKE_6M
2019-04,600061,-0.11170087284736963,RET_6M
2019-04,002736,-0.03318250377073906,VOL_SPIKE_6M
2019-04,600025,-0.012019230769230727,BIAS_20
2019-04,000100,-0.0782374100719424,VOL_SPIKE_6M
2019-04,000166,-0.07152682255845932,VOL_SPIKE_6M
2019-04,600406,-0.08179029876178567,UPSHADOW_20
2019-04,000596,-0.09171062355069692,BIAS_20
2019-04,600183,0.06550845797139293,BIAS_20
2019-04,002475,-0.1774713087086509,BIAS_20
2019-04,601012,0.049789492952590164,RET_6M
2019-05,600438,-0.08700891781152087,RET_6M
2019-05,601018,-0.03308823529411775,VOL_SPIKE_6M
2019-05,002311,-0.02542023542344163,UPSHADOW_20
2019-05,601919,0.052208835341365445,UPSHADOW_20
2019-05,601628,0.09055999999999997,UPSHADOW_20
2019-05,600061,0.14168105165316702,RET_6M
2019-05,601318,0.12163668205699718,BIAS_20
2019-05,600066,0.040770453048095234,VOL_SPIKE_6M
2019-05,601100,0.038797571449726176,UPSHADOW_20
2019-05,603501,0.3074910820451844,RET_6M
2019-06,002311,-0.01945671585675357,BIAS_20
2019-06,300661,0.4599804231609066,UPSHADOW_20
2019-06,601318,-0.005867045185710795,UPSHADOW_20
2019-06,000938,0.18720117690327331,BIAS_20
2019-06,600036,0.043443282381335546,UPSHADOW_20
2019-06,600233,0.08027188865512214,BIAS_20
2019-06,002142,-0.009799918334013835,BIAS_20
2019-06,601901,-0.023160762942779245,BIAS_20
2019-06,002179,0.10308404009252126,VOL_SPIKE_6M
2019-06,000708,0.02828054298642524,RET_6M
2019-07,603369,0.0780780780780781,RET_6M
2019-07,603501,0.3118789856147113,BIAS_20
2019-07,600845,0.08754830151681192,RET_6M
2019-07,600061,-0.022192739114702764,UPSHADOW_20
2019-07,600588,0.11547513248411834,BIAS_20
2019-07,601899,0.0,VOL_SPIKE_6M
2019-07,000999,0.022114720110573582,UPSHADOW_20
2019-07,002736,-0.052062204192021566,RET_6M
2019-07,002352,0.1134012600140002,VOL_SPIKE_6M
2019-07,603986,0.34512217194570116,BIAS_20
2019-08,600150,-0.09498878085265527,VOL_SPIKE_6M
2019-08,603501,0.11417589871128198,RET_6M
2019-08,000938,-0.04979127593925825,BIAS_20
2019-08,603369,0.0874905039250442,UPSHADOW_20
2019-08,002938,0.1822645869439632,RET_6M
2019-08,002352,-0.04827104435906393,BIAS_20
2019-08,002311,-0.051531420524555616,BIAS_20
2019-08,600845,0.07843241236676057,RET_6M
2019-08,300308,0.027579440780509,BIAS_20
2019-08,600588,-0.036788952248869355,BIAS_20
2019-09,603501,0.12104301948051943,VOL_SPIKE_6M
2019-09,600150,-0.07134986225895312,UPSHADOW_20
2019-09,000596,-0.03998663685657755,RET_6M
2019-09,600588,-0.04273569732710425,RET_6M
2019-09,600845,-0.11575531077891432,RET_6M
2019-09,002352,0.005358191426893644,BIAS_20
2019-09,600346,0.07902338376891316,VOL_SPIKE_6M
2019-09,601872,0.15529010238907826,BIAS_20
2019-09,600886,-0.07438172997278425,BIAS_20
2019-09,600025,0.05369127516778538,VOL_SPIKE_6M
2019-10,601100,0.12105682724063316,UPSHADOW_20
2019-10,002938,0.1190053285968029,RET_6M
2019-10,603259,-0.06458427644484677,BIAS_20
2019-10,000001,-0.05965622890377531,BIAS_20
2019-10,603369,-0.03582591969223381,BIAS_20
2019-10,002142,-0.01584728975328653,BIAS_20
2019-10,300251,0.12432884429187574,BIAS_20
2019-10,600845,0.09231453675898127,RET_6M
2019-10,002459,0.0006802721088436936,VOL_SPIKE_6M
2019-10,002466,0.1876750700280112,BIAS_20
2019-11,603259,0.0468623971608324,RET_6M
2019-11,300661,0.1798089067047388,VOL_SPIKE_6M
2019-11,600926,0.05182760501909445,UPSHADOW_20
2019-11,601628,0.06280070904026336,BIAS_20
2019-11,603501,0.14534467679096785,RET_6M
2019-11,600809,0.004022689778300004,RET_6M
2019-11,601100,0.14049167005282404,RET_6M
2019-11,002142,0.05892040256175668,UPSHADOW_20
2019-11,600233,0.019295706705258153,VOL_SPIKE_6M
2019-11,000792,0.023221634332745378,VOL_SPIKE_6M
2019-12,000708,-0.06746031746031755,BIAS_20
2019-12,603799,0.1983788982003023,BIAS_20
2019-12,603501,0.2939951405761887,RET_6M
2019-12,002241,0.18524608133289489,RET_6M
2019-12,600845,0.14351381687957665,RET_6M
2019-12,300124,-0.045358692566608516,UPSHADOW_20
2019-12,300413,0.31560520173391127,VOL_SPIKE_6M
2019-12,601058,0.051061906913691946,RET_6M
2019-12,600585,-0.12407886875124474,BIAS_20
2019-12,601100,0.01487485525964205,RET_6M
2020-01,601872,-0.19845360824742264,RET_6M
2020-01,603799,-0.19935801903015016,RET_6M
2020-01,601901,-0.08992805755395683,BIAS_20
2020-01,600061,-0.07166199813258634,BIAS_20
2020-01,300308,0.16048387096774208,RET_6M
2020-01,601808,-0.08266666666666667,RET_6M
2020-01,300251,0.02553520763476924,RET_6M
2020-01,601236,0.19047619047619047,RET_6M
2020-01,300661,0.16972790568536156,RET_6M
2020-01,300124,-0.032136105860113395,UPSHADOW_20
2020-02,601689,-0.18467583497053053,VOL_SPIKE_6M
2020-02,002460,-0.22567032789533192,VOL_SPIKE_6M
2020-02,300413,-0.010845126306044062,RET_6M
2020-02,603799,-0.2217926689576174,RET_6M
2020-02,300476,-0.20357582064137736,RET_6M
2020-02,688012,-0.14727722772277219,RET_6M
2020-02,002241,-0.26313828535571415,RET_6M
2020-02,002920,-0.29207581639643754,VOL_SPIKE_6M
2020-02,603986,-0.33337884092172365,RET_6M
2020-02,002600,-0.2744725738396624,RET_6M
2020-03,002920,0.34580645161290313,RET_6M
2020-03,600588,0.14681237976622752,BIAS_20
2020-03,002028,0.09717947994014509,VOL_SPIKE_6M
2020-03,300316,0.22813144034806498,RET_6M
2020-03,601100,0.12846746883781268,BIAS_20
2020-03,601066,0.12758620689655165,UPSHADOW_20
2020-03,300476,0.2622639268321654,RET_6M
2020-03,601236,-0.029940119760478945,BIAS_20
2020-03,300661,0.17537713747728412,RET_6M
2020-03,000708,0.12242562929061784,RET_6M
2020-04,300122,0.05860596584075051,UPSHADOW_20
2020-04,601100,0.060209424083769614,BIAS_20
2020-04,600515,0.32303090727816564,VOL_SPIKE_6M
2020-04,600039,0.03415623943185664,VOL_SPIKE_6M
2020-04,002311,0.12984215663177734,BIAS_20
2020-04,300628,-0.005855099711273737,RET_6M
2020-04,688012,0.2918600499821493,RET_6M
2020-04,300413,0.14076025592773833,RET_6M
2020-04,002371,-0.001121635094715745,RET_6M
2020-04,000708,-0.00815494393476035,RET_6M
2020-05,002709,0.2098592780351367,RET_6M
2020-05,300782,0.33324849564600867,BIAS_20
2020-05,601689,0.16621179039301293,BIAS_20
2020-05,002371,0.12483537811048717,BIAS_20
2020-05,300316,0.1612392004498746,BIAS_20
2020-05,300476,0.12171150600615488,BIAS_20
2020-05,000975,-0.019374333451830705,VOL_SPIKE_6M
2020-05,300394,0.2871182586094867,BIAS_20
2020-05,300124,0.10662902437700184,UPSHADOW_20
2020-05,300502,0.35685939619229434,RET_6M
2020-06,002920,0.1558856412713625,BIAS_20
2020-06,688012,0.004924536044867978,VOL_SPIKE_6M
2020-06,300759,0.0678824721377913,VOL_SPIKE_6M
2020-06,600600,0.08490927187811015,BIAS_20
2020-06,300413,0.044158398140698996,BIAS_20
2020-06,600515,0.32649572649572645,BIAS_20
2020-06,002371,0.21987922109933455,VOL_SPIKE_6M
2020-06,601689,0.21904984788205017,RET_6M
2020-06,600926,0.09323388385721887,UPSHADOW_20
2020-06,601100,0.1323277529145257,RET_6M
2020-07,300759,0.04924098671726762,BIAS_20
2020-07,603893,-0.1770581432026076,BIAS_20
2020-07,300014,-0.1858839124022179,RET_6M
2020-07,300347,0.03992735045929141,BIAS_20
2020-07,600161,-0.1470882221777976,RET_6M
2020-07,300661,-0.21445967498599072,BIAS_20
2020-07,300502,-0.07551118982450489,BIAS_20
2020-07,300394,-0.058904764434057455,BIAS_20
2020-07,002920,-0.017410529224817006,RET_6M
2020-07,600999,0.0009760858955589757,VOL_SPIKE_6M
2020-08,002625,-0.03542361574382924,BIAS_20
2020-08,002352,-0.045849535080304316,UPSHADOW_20
2020-08,300274,0.253483206569294,BIAS_20
2020-08,300122,0.030777063801397553,BIAS_20
2020-08,002028,-0.0721186073104374,BIAS_20
2020-08,300124,0.03763077025482864,UPSHADOW_20
2020-08,002311,-0.1333958074439261,BIAS_20
2020-08,300661,0.049797654160093296,RET_6M
2020-08,600176,-0.027584335714931685,BIAS_20
2020-08,002920,0.019969062016593986,RET_6M
2020-09,600926,0.10113237016790322,VOL_SPIKE_6M
2020-09,600809,0.13588391836239078,RET_6M
2020-09,600346,0.03986675263271011,VOL_SPIKE_6M
2020-09,600436,-0.057622709794164284,RET_6M
2020-09,600176,-0.03394717261904756,VOL_SPIKE_6M
2020-09,000596,-0.030348480549137302,RET_6M
2020-09,302132,0.0,VOL_SPIKE_6M
2020-09,601838,0.04800724637681175,VOL_SPIKE_6M
2020-09,300124,0.10950380087885314,RET_6M
2020-09,300033,-0.15481291881165338,BIAS_20
2020-10,002709,0.26433621366849946,BIAS_20
2020-10,300122,-0.22018457345164222,RET_6M
2020-10,601878,0.1095890410958904,BIAS_20
2020-10,002625,0.046564885496183095,RET_6M
2020-10,002920,0.0865744742149237,RET_6M
2020-10,600845,-0.0478401846559684,UPSHADOW_20
2020-10,300661,0.14109003243119123,UPSHADOW_20
2020-10,300124,0.19862584680022732,RET_6M
2020-10,601788,0.06709558823529393,UPSHADOW_20
2020-10,688169,-0.02410584008730099,BIAS_20
2020-11,002709,0.3209692451071764,VOL_SPIKE_6M
2020-11,601919,0.22995169082125622,BIAS_20
2020-11,600809,0.5592884222805483,RET_6M
2020-11,300122,0.18412704443135852,RET_6M
2020-11,601012,0.3420605084138917,VOL_SPIKE_6M
2020-11,300124,0.2116895124010132,RET_6M
2020-11,600926,-0.018456883509833544,VOL_SPIKE_6M
2020-11,601901,0.14973262032085577,UPSHADOW_20
2020-11,603369,0.18018224978941721,BIAS_20
2020-11,000001,-0.020263194418158603,BIAS_20
2020-12,000807,0.002539558507520967,BIAS_20
2020-12,600346,0.3800270964061607,UPSHADOW_20
2020-12,601919,0.0164964650432049,VOL_SPIKE_6M
2020-12,601127,0.07774647887323938,BIAS_20
2020-12,002709,-0.08122854052020134,RET_6M
2020-12,600918,-0.2156756756756757,BIAS_20
2020-12,000301,0.4313084112149532,VOL_SPIKE_6M
2020-12,603260,0.32444719983467674,VOL_SPIKE_6M
2020-12,300274,0.44991524904527536,VOL_SPIKE_6M
2020-12,300782,0.10772020675142313,RET_6M
2021-01,600809,-0.16377260262233262,RET_6M
2021-01,601919,0.018547140649149974,VOL_SPIKE_6M
2021-01,600760,0.05517132147193937,RET_6M
2021-01,002709,-0.12759803419678517,VOL_SPIKE_6M
2021-01,600176,-0.003546839140413094,RET_6M
2021-01,600918,-0.04410751206064789,UPSHADOW_20
2021-01,601100,-0.18922140502155727,RET_6M
2021-01,601127,0.042864610559330885,VOL_SPIKE_6M
2021-01,300124,-0.10362775204288766,RET_6M
2021-01,300014,-0.1971812406340362,BIAS_20
2021-02,300274,-0.16998651577995127,BIAS_20
2021-02,601058,-0.024840764331210186,VOL_SPIKE_6M
2021-02,601127,0.21102756892230579,BIAS_20
2021-02,002466,-0.15895573601738544,VOL_SPIKE_6M
2021-02,000301,-0.0056162246489858125,VOL_SPIKE_6M
2021-02,601901,0.011210762331838486,VOL_SPIKE_6M
2021-02,603799,-0.2305875227135069,RET_6M
2021-02,600346,-0.18841059602649002,RET_6M
2021-02,002415,0.006121855708887125,RET_6M
2021-02,600031,-0.1693014770728658,VOL_SPIKE_6M
2021-03,000807,0.277194583903849,UPSHADOW_20
2021-03,000301,0.06306871666143721,RET_6M
2021-03,600438,0.07606113951993732,RET_6M
2021-03,601058,0.12170694535162219,RET_6M
2021-03,601919,0.3517730496453899,RET_6M
2021-03,601618,-0.09798994974874375,VOL_SPIKE_6M
2021-03,600031,-0.09575461968720811,RET_6M
2021-03,300274,0.2524471497902443,RET_6M
2021-03,603799,0.18956152090057476,RET_6M
2021-03,600036,0.03129896434440327,UPSHADOW_20
2021-04,600025,-0.06615384615384612,VOL_SPIKE_6M
2021-04,601919,0.16946484784889826,RET_6M
2021-04,688169,-0.053903293227136606,BIAS_20
2021-04,601009,0.14497161394971614,VOL_SPIKE_6M
2021-04,603799,0.26550195222023665,RET_6M
2021-04,600115,0.03867403314917128,UPSHADOW_20
2021-04,600039,0.07434594391116112,VOL_SPIKE_6M
2021-04,600809,0.1282641638558928,RET_6M
2021-04,000301,0.1531877213695394,RET_6M
2021-04,300274,0.0795678444765533,RET_6M
2021-05,601919,0.4288918797667116,RET_6M
2021-05,002709,0.1403750900921623,BIAS_20
2021-05,000807,-0.14266030736618962,RET_6M
2021-05,300274,0.18740684410646402,BIAS_20
2021-05,300782,0.26208959527156095,RET_6M
2021-05,600039,-0.13279607568325158,VOL_SPIKE_6M
2021-05,603260,0.20148291424887166,BIAS_20
2021-05,300122,-0.04339581358033684,BIAS_20
2021-05,600809,-0.03212613026355127,RET_6M
2021-05,688169,-0.05472050152996499,BIAS_20
2021-06,000408,0.2553384139440127,VOL_SPIKE_6M
2021-06,601377,-0.0795698924731183,VOL_SPIKE_6M
2021-06,601901,-0.0628218331616891,VOL_SPIKE_6M
2021-06,601919,-0.24835164835164836,VOL_SPIKE_6M
2021-06,002709,-0.05291467760371149,BIAS_20
2021-06,002049,0.23917868218763316,UPSHADOW_20
2021-06,300059,-0.053066147137953434,BIAS_20
2021-06,600809,-0.10583542977877658,RET_6M
2021-06,600436,-0.18358283619929827,RET_6M
2021-06,600515,0.15902004454342977,RET_6M
2021-07,000408,0.08985995071226771,VOL_SPIKE_6M
2021-07,601919,0.17460317460317465,VOL_SPIKE_6M
2021-07,603893,-0.19605815089352407,VOL_SPIKE_6M
2021-07,300782,-0.05990253559735004,RET_6M
2021-07,603260,1.0631572029442693,RET_6M
2021-07,002709,0.34941076245917935,VOL_SPIKE_6M
2021-07,000983,0.30276883451384395,VOL_SPIKE_6M
2021-07,000301,0.19131702575733045,RET_6M
2021-07,600436,-0.05177466080323467,RET_6M
2021-07,300759,-0.027668976599377282,RET_6M
2021-08,300661,0.03977836720745942,RET_6M
2021-08,600111,-0.2371196222455404,RET_6M
2021-08,000408,-0.12370394881976621,RET_6M
2021-08,000301,-0.13149306499864033,RET_6M
2021-08,601618,-0.1306532663316582,VOL_SPIKE_6M
2021-08,603260,-0.16876373713885262,RET_6M
2021-08,603893,-0.09163033378600527,RET_6M
2021-08,000983,0.028568604191379965,RET_6M
2021-08,000807,-0.15548295216553576,RET_6M
2021-08,300394,-0.06690720840850262,BIAS_20
2021-09,600111,0.14299141478399413,BIAS_20
2021-09,000792,-0.03277027027027035,VOL_SPIKE_6M
2021-09,600010,-0.1134911687335588,BIAS_20
2021-09,601618,-0.06743737957610796,BIAS_20
2021-09,600160,0.04090486519987602,BIAS_20
2021-09,000408,0.0810623701932156,RET_6M
2021-09,000983,-0.22085535800096112,BIAS_20
2021-09,600803,0.007103459802774603,VOL_SPIKE_6M
2021-09,000301,-0.03100046970408643,BIAS_20
2021-09,601669,-0.03065134099616862,VOL_SPIKE_6M
2021-10,600011,-0.19444444444444453,BIAS_20
2021-10,601669,-0.1996047430830039,RET_6M
2021-10,600025,-0.11612903225806459,BIAS_20
2021-10,600233,0.1041889007470651,VOL_SPIKE_6M
2021-10,300476,0.1610951926138171,BIAS_20
2021-10,300661,0.05863775895597945,RET_6M
2021-10,600039,-0.001620089104900857,VOL_SPIKE_6M
2021-10,002709,-0.18146822155407627,RET_6M
2021-10,600958,0.02207792207792214,RET_6M
2021-10,600515,-0.033070088845014944,UPSHADOW_20
2021-11,601669,0.22962962962962985,VOL_SPIKE_6M
2021-11,600039,0.003346855983773045,VOL_SPIKE_6M
2021-11,600011,0.5604253947792459,VOL_SPIKE_6M
2021-11,601058,0.06320478908534044,VOL_SPIKE_6M
2021-11,603260,-0.1448945937513928,RET_6M
2021-11,300124,0.04572800080213568,UPSHADOW_20
2021-11,300661,-0.09912023015204319,RET_6M
2021-11,601111,0.14348302300109506,VOL_SPIKE_6M
2021-11,002028,-0.10167642826371892,BIAS_20
2021-11,605117,-0.030011962564210903,UPSHADOW_20
2021-12,000776,-0.15408761160714302,UPSHADOW_20
2021-12,600039,-0.11129081168502986,VOL_SPIKE_6M
2021-12,300476,-0.1437673130193906,VOL_SPIKE_6M
2021-12,002028,-0.07539180475063256,VOL_SPIKE_6M
2021-12,601689,0.018895526027063125,BIAS_20
2021-12,002463,0.041585318235064506,VOL_SPIKE_6M
2021-12,600111,-0.1882139177256562,RET_6M
2021-12,603893,-0.22208544532947128,RET_6M
2021-12,302132,-0.18040893961008087,VOL_SPIKE_6M
2021-12,002916,-0.029707668944570997,VOL_SPIKE_6M
2022-01,600011,0.1849648458626285,VOL_SPIKE_6M
2022-01,601669,-0.1162136832239925,RET_6M
2022-01,000408,0.18457943925233655,BIAS_20
2022-01,000999,0.032581453634085156,VOL_SPIKE_6M
2022-01,601456,0.0060975609756097615,UPSHADOW_20
2022-01,300498,-0.0328707085463843,BIAS_20
2022-01,600039,0.16446769790718818,RET_6M
2022-01,000792,0.1576043465442447,BIAS_20
2022-01,605117,0.10103626943005173,RET_6M
2022-01,601689,0.11438143096434561,VOL_SPIKE_6M
2022-02,601111,-0.07787610619469032,UPSHADOW_20
2022-02,600115,-0.13351134846461954,BIAS_20
2022-02,600029,-0.1069609507640068,VOL_SPIKE_6M
2022-02,601456,-0.10370370370370363,VOL_SPIKE_6M
2022-02,300498,0.13141993957703924,RET_6M
2022-02,601669,-0.047720042417815356,RET_6M
2022-02,000999,0.2667206040992449,VOL_SPIKE_6M
2022-02,000876,0.10472308627408933,VOL_SPIKE_6M
2022-02,002463,-0.21240130945503566,BIAS_20
2022-02,601838,0.04071856287425146,VOL_SPIKE_6M
2022-03,600039,0.0010482180293500676,RET_6M
2022-03,300442,-0.015609990393852025,VOL_SPIKE_6M
2022-03,300803,0.15380847416115606,VOL_SPIKE_6M
2022-03,601808,-0.08432976714915041,VOL_SPIKE_6M
2022-03,605117,0.038305416880511256,BIAS_20
2022-03,600011,0.05647263249348389,RET_6M
2022-03,600233,0.03646833013435713,RET_6M
2022-03,601111,0.03934740882917476,VOL_SPIKE_6M
2022-03,000999,-0.1869278262720886,VOL_SPIKE_6M
2022-03,600026,0.23268206039076378,BIAS_20
2022-04,000999,0.1898402723225976,BIAS_20
2022-04,000876,0.017822169996082993,UPSHADOW_20
2022-04,300498,-0.03155403628714182,RET_6M
2022-04,300803,-0.10210146465718539,RET_6M
2022-04,601838,-0.08955223880597007,RET_6M
2022-04,601236,-0.12560856864654324,BIAS_20
2022-04,000983,0.01714192867007891,BIAS_20
2022-04,600372,0.21331257298559758,UPSHADOW_20
2022-04,601689,0.11269509647290166,RET_6M
2022-04,601111,0.023084025854108958,RET_6M
2022-05,300803,0.3938534278959811,RET_6M
2022-05,600026,0.015075376884422065,RET_6M
2022-05,601838,0.12719050310910118,RET_6M
2022-05,000983,-0.06166134185303518,RET_6M
2022-05,601009,0.0061309030654514984,VOL_SPIKE_6M
2022-05,600926,0.09999999999999987,UPSHADOW_20
2022-05,300832,0.12662420382165607,BIAS_20
2022-05,601111,0.1985559566787003,UPSHADOW_20
2022-05,000975,-0.04793171372291527,VOL_SPIKE_6M
2022-05,601236,0.1670378619153674,VOL_SPIKE_6M
2022-06,601872,0.22398190045248878,UPSHADOW_20
2022-06,600026,0.22607260726072598,BIAS_20
2022-06,600233,-0.05252678486773488,RET_6M
2022-06,000983,-0.06571331290432414,RET_6M
2022-06,601808,-0.05240706886045088,BIAS_20
2022-06,000792,-0.03067122305193437,UPSHADOW_20
2022-06,300803,-0.10888738127544095,UPSHADOW_20
2022-06,002466,-0.07451472798007452,BIAS_20
2022-06,601111,-0.1686746987951807,RET_6M
2022-06,300442,-0.04264349232012932,UPSHADOW_20
2022-07,601878,0.021505376344086002,VOL_SPIKE_6M
2022-07,601111,0.06793478260869557,BIAS_20
2022-07,600026,0.11305518169582762,RET_6M
2022-07,601628,0.10145739910313889,VOL_SPIKE_6M
2022-07,000999,0.1147846953739502,RET_6M
2022-07,300442,-0.01984378298501155,UPSHADOW_20
2022-07,600066,-0.02664872836407861,VOL_SPIKE_6M
2022-07,601788,0.07559395248380141,VOL_SPIKE_6M
2022-07,002466,-0.010909454860879464,RET_6M
2022-07,000963,-0.06226286433654449,BIAS_20
2022-08,601788,-0.18022088353413668,UPSHADOW_20
2022-08,600026,0.28295042321644504,BIAS_20
2022-08,002384,-0.10476637463496041,BIAS_20
2022-08,600160,-0.11527024663284935,BIAS_20
2022-08,601872,-0.052092228864218715,BIAS_20
2022-08,600150,-0.09543918918918914,BIAS_20
2022-08,000975,0.12122479712206147,BIAS_20
2022-08,688223,-0.0017931858936043321,BIAS_20
2022-08,601058,-0.11068254234445751,BIAS_20
2022-08,688082,-0.010077961589655904,BIAS_20
2022-09,601788,0.06613594611145146,UPSHADOW_20
2022-09,600026,-0.06534715677034242,RET_6M
2022-09,600027,-0.08734693877551025,RET_6M
2022-09,600803,-0.16591203104786556,BIAS_20
2022-09,605117,-0.22141380874766858,RET_6M
2022-09,000596,-0.2753838166580138,UPSHADOW_20
2022-09,601872,-0.018018018018017945,RET_6M
2022-09,600011,-0.11708860759493678,BIAS_20
2022-09,601878,0.0899898887765418,UPSHADOW_20
2022-09,002600,0.06279683377308709,VOL_SPIKE_6M
2022-10,688111,-0.12023931623931627,VOL_SPIKE_6M
2022-10,600026,-0.09042016806722697,RET_6M
2022-10,300015,0.09717092077584355,UPSHADOW_20
2022-10,000596,0.20932884924696582,RET_6M
2022-10,300832,-0.14843611945573432,BIAS_20
2022-10,000975,0.0014111954841744545,RET_6M
2022-10,601111,0.08227848101265822,UPSHADOW_20
2022-10,600027,0.08676207513416823,RET_6M
2022-10,688223,-0.07532149418248613,RET_6M
2022-10,600515,0.08835027365129022,BIAS_20
2022-11,300832,0.01992114546586432,VOL_SPIKE_6M
2022-11,600588,0.05499500187429729,VOL_SPIKE_6M
2022-11,000999,-0.20956937799043063,BIAS_20
2022-11,600875,-0.13006646683174772,RET_6M
2022-11,601808,-0.06426858513189448,VOL_SPIKE_6M
2022-11,688082,0.012417638114546437,VOL_SPIKE_6M
2022-11,601788,-0.08067729083665331,UPSHADOW_20
2022-11,000975,-0.22795597906321308,RET_6M
2022-11,600027,-0.003292181069958877,RET_6M
2022-11,301236,-0.07589903181189483,BIAS_20
2022-12,000617,0.0681329189576858,BIAS_20
2022-12,600050,0.1677675033025099,BIAS_20
2022-12,000999,0.0378329297820823,VOL_SPIKE_6M
2022-12,001979,0.17581739666872287,RET_6M
2022-12,000975,0.12950890916992597,RET_6M
2022-12,600027,-0.009909165978530088,RET_6M
2022-12,601021,-0.06295032233598785,VOL_SPIKE_6M
2022-12,600029,-0.03485670023237797,VOL_SPIKE_6M
2022-12,605499,0.00016552637386890723,UPSHADOW_20
2022-12,601698,0.0940766550522647,VOL_SPIKE_6M
2023-01,002252,-0.0032388128759335277,BIAS_20
2023-01,603369,0.10972301091551517,UPSHADOW_20
2023-01,600515,-0.06892067620286091,RET_6M
2023-01,601021,0.02460542290570622,VOL_SPIKE_6M
2023-01,002422,0.06259883308795477,RET_6M
2023-01,600029,0.07704654895666119,VOL_SPIKE_6M
2023-01,600845,-0.01060833083608037,BIAS_20
2023-01,600115,0.010738255033557076,VOL_SPIKE_6M
2023-01,600009,-0.03072370191014262,VOL_SPIKE_6M
2023-01,600027,-0.014178482068390341,RET_6M
2023-02,300803,0.04047712162690664,BIAS_20
2023-02,600958,-0.04013377926421413,VOL_SPIKE_6M
2023-02,300033,0.7488390056424798,RET_6M
2023-02,000807,0.020174482006543037,RET_6M
2023-02,600050,0.026905829596412634,VOL_SPIKE_6M
2023-02,000938,0.15311856673899737,VOL_SPIKE_6M
2023-02,600489,0.20892476110956482,UPSHADOW_20
2023-02,600026,-0.06514913657770804,BIAS_20
2023-02,600061,-0.014190558934260133,VOL_SPIKE_6M
2023-02,600362,0.008578431372548989,VOL_SPIKE_6M
2023-03,688256,0.341758537241194,UPSHADOW_20
2023-03,302132,0.028206760242537987,BIAS_20
2023-03,600066,0.09568610592106341,BIAS_20
2023-03,688047,0.0270786440215538,RET_6M
2023-03,605499,-0.07244158759310282,RET_6M
2023-03,000100,-0.09714673913043492,VOL_SPIKE_6M
2023-03,300832,-0.13550700466977983,RET_6M
2023-03,300476,0.0352845904673762,VOL_SPIKE_6M
2023-03,600362,0.03159173754556499,VOL_SPIKE_6M
2023-03,688169,-0.16968816579508028,VOL_SPIKE_6M
2023-04,688047,0.08248107318368958,RET_6M
2023-04,301269,0.03591112642094396,BIAS_20
2023-04,603893,0.1956550891779536,VOL_SPIKE_6M
2023-04,000425,-0.12827183603540726,VOL_SPIKE_6M
2023-04,300442,-0.029192345118391083,RET_6M
2023-04,688169,-0.0016562084489957218,UPSHADOW_20
2023-04,300251,-0.1330129390018484,VOL_SPIKE_6M
2023-04,601800,-0.14225437010247133,VOL_SPIKE_6M
2023-04,300476,0.5281036987372891,VOL_SPIKE_6M
2023-04,603993,-0.120889748549323,UPSHADOW_20
2023-05,688082,-0.06377204884667564,UPSHADOW_20
2023-05,300866,0.18256557484014113,UPSHADOW_20
2023-05,300251,-0.08174142930240502,VOL_SPIKE_6M
2023-05,600918,0.014388489208633004,VOL_SPIKE_6M
2023-05,688047,-0.29576687116564415,RET_6M
2023-05,601600,0.014388489208633004,RET_6M
2023-05,601658,-0.04778156996587035,BIAS_20
2023-05,002028,-0.006497479062506528,UPSHADOW_20
2023-05,000807,0.06564867139593589,RET_6M
2023-05,301269,0.02252888851941126,UPSHADOW_20
2023-06,688256,-0.1276063829787234,RET_6M
2023-06,600023,-0.04875406283856998,BIAS_20
2023-06,600482,-0.06816523135308716,VOL_SPIKE_6M
2023-06,300442,-0.07680140597539542,UPSHADOW_20
2023-06,002028,0.04880560569062542,UPSHADOW_20
2023-06,601360,-0.053162592161428046,RET_6M
2023-06,600015,0.07215104517869175,VOL_SPIKE_6M
2023-06,601136,0.2547635850388146,BIAS_20
2023-06,601077,0.09429824561403533,VOL_SPIKE_6M
2023-06,600061,0.10672886627085121,VOL_SPIKE_6M
2023-07,600482,-0.11967418546365916,BIAS_20
2023-07,002600,-0.021396396396396455,RET_6M
2023-07,688169,0.06349032693324586,VOL_SPIKE_6M
2023-07,300476,-0.02303228146536096,RET_6M
2023-07,688223,-0.13407821229050276,BIAS_20
2023-07,601127,-0.20234291799787008,BIAS_20
2023-07,600600,-0.07662835249042144,UPSHADOW_20
2023-07,688256,-0.03176635571001751,BIAS_20
2023-07,600015,-0.04496855345911954,UPSHADOW_20
2023-07,601633,-0.11669453489395398,UPSHADOW_20
2023-08,688169,0.006360908701243062,VOL_SPIKE_6M
2023-08,601059,-0.1115126484254001,BIAS_20
2023-08,600482,-0.03327402135231328,VOL_SPIKE_6M
2023-08,601136,-0.13876563130294461,BIAS_20
2023-08,601127,0.5457943925233644,VOL_SPIKE_6M
2023-08,300803,-0.013460015835312755,BIAS_20
2023-08,000977,-0.03882452236630107,RET_6M
2023-08,601995,-0.039423805913570975,BIAS_20
2023-08,688256,-0.21945843828715372,BIAS_20
2023-08,600918,-0.02807486631016054,BIAS_20
2023-09,300803,-0.052327447833065754,VOL_SPIKE_6M
2023-09,601136,0.08477751756440277,RET_6M
2023-09,601825,-0.014326647564469996,VOL_SPIKE_6M
2023-09,688506,-0.07729166666666665,BIAS_20
2023-09,600918,0.008253094910591452,VOL_SPIKE_6M
2023-09,300251,-0.08954702310750007,BIAS_20
2023-09,601127,0.4626014855760927,UPSHADOW_20
2023-09,002028,-0.0462424416930608,BIAS_20
2023-09,600015,-0.021045918367346927,RET_6M
2023-09,601236,0.007829977628635465,VOL_SPIKE_6M
2023-10,601127,-0.07121766859572454,RET_6M
2023-10,601898,0.08442123585726735,VOL_SPIKE_6M
2023-10,301236,0.12034876581112597,VOL_SPIKE_6M
2023-10,601808,-0.043642241379310276,VOL_SPIKE_6M
2023-10,688506,0.23763829306841266,RET_6M
2023-10,600015,0.03583061889250816,RET_6M
2023-10,300347,-0.06881360360039435,BIAS_20
2023-10,601825,-0.03779069767441856,VOL_SPIKE_6M
2023-10,301269,-0.04741629572285666,VOL_SPIKE_6M
2023-10,600803,-0.07128947591228518,VOL_SPIKE_6M
2023-11,301236,0.15422558368957562,RET_6M
2023-11,300759,-0.1322432962720732,BIAS_20
2023-11,002384,-0.024145884388064198,BIAS_20
2023-11,601898,0.038523274478330594,VOL_SPIKE_6M
2023-11,300661,-0.007366018496561599,BIAS_20
2023-11,600918,-0.04619565217391319,UPSHADOW_20
2023-11,603288,-0.0042198079042671255,VOL_SPIKE_6M
2023-11,600482,0.016380805550202382,UPSHADOW_20
2023-11,300347,-0.11496085082506569,VOL_SPIKE_6M
2023-11,600346,-0.06132450331125827,BIAS_20
2023-12,688506,-0.2360257326661902,BIAS_20
2023-12,300759,-0.27193246909858315,VOL_SPIKE_6M
2023-12,601898,0.25502318392581147,BIAS_20
2023-12,600015,0.0785459266471924,BIAS_20
2023-12,300661,-0.30176931690929454,UPSHADOW_20
2023-12,601238,-0.06254029658284976,VOL_SPIKE_6M
2023-12,000876,-0.12335632997228618,VOL_SPIKE_6M
2023-12,600918,-0.04843304843304841,UPSHADOW_20
2023-12,601808,0.05114942528735633,RET_6M
2023-12,601825,0.10105580693815996,RET_6M
2024-01,301236,0.4485602460162146,RET_6M
2024-01,601898,0.022783251231527135,VOL_SPIKE_6M
2024-01,002625,0.24410436527847468,VOL_SPIKE_6M
2024-01,600183,0.19510243277848915,RET_6M
2024-01,601059,0.10622950819672128,BIAS_20
2024-01,600219,0.08005617977528101,BIAS_20
2024-01,600803,0.0714763417488713,BIAS_20
2024-01,688047,0.2835297066934068,VOL_SPIKE_6M
2024-01,002709,0.10494036196711454,BIAS_20
2024-01,300759,0.10662525879917206,RET_6M
2024-02,601898,-0.08007224563515958,RET_6M
2024-02,688506,0.00015929908403022885,UPSHADOW_20
2024-02,601825,0.04966442953020134,VOL_SPIKE_6M
2024-02,600219,0.09666233203294317,VOL_SPIKE_6M
2024-02,688472,-0.11031518624641845,UPSHADOW_20
2024-02,600027,0.11009870918754738,BIAS_20
2024-02,600803,0.03362721385659673,RET_6M
2024-02,000001,-0.006614368167514151,VOL_SPIKE_6M
2024-02,601808,0.30282095567069645,RET_6M
2024-02,301236,0.02219434526681474,BIAS_20
2024-03,600066,0.29289991445680075,RET_6M
2024-03,601298,0.09680968096809695,UPSHADOW_20
2024-03,601127,0.04779289744440751,RET_6M
2024-03,688506,0.23166361392052237,RET_6M
2024-03,002625,-0.12103746397694526,VOL_SPIKE_6M
2024-03,300442,0.012864493996569415,BIAS_20
2024-03,601825,-0.0012787723785167016,VOL_SPIKE_6M
2024-03,688047,-0.005386202154480824,BIAS_20
2024-03,600803,-0.06710446859903374,UPSHADOW_20
2024-03,601898,0.02814136125654465,RET_6M
2024-04,688187,0.006129955046996427,VOL_SPIKE_6M
2024-04,603296,0.179550778558633,UPSHADOW_20
2024-04,300251,-0.02115106758709262,BIAS_20
2024-04,601878,-0.02970297029702962,VOL_SPIKE_6M
2024-04,300347,-0.08763231944258343,BIAS_20
2024-04,688009,0.016181229773462924,VOL_SPIKE_6M
2024-04,601898,0.1292170591979629,RET_6M
2024-04,600219,0.07544432354007968,VOL_SPIKE_6M
2024-04,002709,-0.06904400606980277,RET_6M
2024-04,600027,-0.022253129346314293,RET_6M
2024-05,601878,-0.022959183673469385,BIAS_20
2024-05,300628,0.01623300857592902,VOL_SPIKE_6M
2024-05,688506,0.03079895442663938,RET_6M
2024-05,000425,-0.013780566469242861,VOL_SPIKE_6M
2024-05,601808,-0.036279069767441885,VOL_SPIKE_6M
2024-05,688256,0.1366210881629384,RET_6M
2024-05,601898,-0.06031567080045075,UPSHADOW_20
2024-05,600918,-0.09048361934477378,UPSHADOW_20
2024-05,688187,0.02843216896831846,UPSHADOW_20
2024-05,000895,-0.06195973694035206,UPSHADOW_20
2024-06,601077,0.029629629629629672,BIAS_20
2024-06,601898,-0.04259148170365934,BIAS_20
2024-06,601808,-0.12113899613899604,UPSHADOW_20
2024-06,688047,0.15011941316956645,BIAS_20
2024-06,603296,-0.09079316500892631,BIAS_20
2024-06,000768,0.08819827669667935,VOL_SPIKE_6M
2024-06,605117,0.3048120520696209,RET_6M
2024-06,688303,-0.004426737494466648,BIAS_20
2024-06,688187,0.10229067930489721,RET_6M
2024-06,688256,0.329138772839382,UPSHADOW_20
2024-07,603893,-0.132120253164557,VOL_SPIKE_6M
2024-07,688256,-0.027910323411345916,RET_6M
2024-07,688009,-0.11175616835994184,RET_6M
2024-07,600023,-0.06650641025641024,RET_6M
2024-07,600803,-0.05635375567631962,VOL_SPIKE_6M
2024-07,601825,-0.008599508599508643,VOL_SPIKE_6M
2024-07,601808,-0.020318506315211482,UPSHADOW_20
2024-07,601136,-0.05769230769230771,UPSHADOW_20
2024-07,000425,-0.02900382294398285,RET_6M
2024-07,688082,0.007521255722694686,VOL_SPIKE_6M
2024-08,688256,0.12649499396158803,BIAS_20
2024-08,000768,0.1251422610015176,UPSHADOW_20
2024-08,688047,0.3150835532102023,BIAS_20
2024-08,600482,0.10343754860787047,UPSHADOW_20
2024-08,300347,0.3561909451848202,UPSHADOW_20
2024-08,300759,0.5181660899653979,BIAS_20
2024-08,688126,0.29192124915139184,VOL_SPIKE_6M
2024-08,601236,0.3285714285714285,BIAS_20
2024-08,002625,0.4314968725901809,RET_6M
2024-08,301269,0.25839514497639904,BIAS_20
2024-09,002938,0.04924623115577886,UPSHADOW_20
2024-09,688256,0.568681698713515,RET_6M
2024-09,300866,-0.04397114393679147,BIAS_20
2024-09,300628,-0.07994257386865622,UPSHADOW_20
2024-09,688472,0.0558303886925795,BIAS_20
2024-09,000768,0.03911156066927979,VOL_SPIKE_6M
2024-09,600219,-0.05957320687611145,RET_6M
2024-09,601211,0.2962962962962963,BIAS_20
2024-09,002625,0.715269048901658,BIAS_20
2024-09,600066,-0.08310920945395284,RET_6M
2024-10,600061,-0.026387851630570114,VOL_SPIKE_6M
2024-10,601236,0.002016129032258007,UPSHADOW_20
2024-10,600999,-0.00412821758135018,VOL_SPIKE_6M
2024-10,000617,-0.15525246662797454,VOL_SPIKE_6M
2024-10,601066,0.07114481762369085,VOL_SPIKE_6M
2024-10,688472,-0.03346720214190091,VOL_SPIKE_6M
2024-10,601995,0.003869541182974112,VOL_SPIKE_6M
2024-10,002384,-0.18550384018130694,RET_6M
2024-10,002625,-0.05576298984541306,UPSHADOW_20
2024-10,688047,0.20040691759918605,RET_6M
2024-11,688256,0.17290552584670227,BIAS_20
2024-11,688047,-0.19927360774818392,RET_6M
2024-11,688396,-0.06301531213191991,VOL_SPIKE_6M
2024-11,600061,-0.025952441830733863,VOL_SPIKE_6M
2024-11,301269,-0.038385437277403955,UPSHADOW_20
2024-11,601066,-0.052596089008766,VOL_SPIKE_6M
2024-11,688472,-0.11911357340720219,VOL_SPIKE_6M
2024-11,688223,-0.1876379690949227,BIAS_20
2024-11,001979,-0.1306532663316583,RET_6M
2024-11,601236,0.001006036217303885,VOL_SPIKE_6M
2024-12,688047,-0.1164197157544603,RET_6M
2024-12,002709,-0.07303449729501865,BIAS_20
2024-12,301269,-0.12477366255144029,RET_6M
2024-12,600588,0.016775566528671293,VOL_SPIKE_6M
2024-12,600515,-0.03423566878980888,VOL_SPIKE_6M
2024-12,601238,-0.0790725326991677,VOL_SPIKE_6M
2024-12,601077,0.03194103194103182,UPSHADOW_20
2024-12,688396,-0.033940917661847814,VOL_SPIKE_6M
2024-12,600061,-0.055912849455308944,VOL_SPIKE_6M
2024-12,000100,-0.0037373198077950143,VOL_SPIKE_6M
2025-01,601825,-0.04446546830652798,VOL_SPIKE_6M
2025-01,601728,0.09818181818181815,UPSHADOW_20
2025-01,601939,-0.0034313725490195957,UPSHADOW_20
2025-01,601077,-0.0630952380952381,BIAS_20
2025-01,000100,-0.07770632368703101,VOL_SPIKE_6M
2025-01,600482,-0.11053805408419282,UPSHADOW_20
2025-01,600066,-0.07511220411927455,BIAS_20
2025-01,600600,0.0022859845498974796,BIAS_20
2025-01,002384,-0.04298785297365515,RET_6M
2025-01,000895,0.019724130528123718,VOL_SPIKE_6M
2025-02,603296,-0.09265022743595885,VOL_SPIKE_6M
2025-02,300251,-0.11627073201147275,VOL_SPIKE_6M
2025-02,002384,0.021223110525014466,BIAS_20
2025-02,000895,0.0033421932156108003,BIAS_20
2025-02,601808,-0.024726854514088514,VOL_SPIKE_6M
2025-02,688082,-0.045222870910944235,UPSHADOW_20
2025-02,000157,-0.059998576208443066,BIAS_20
2025-02,000100,-0.03718768158047647,RET_6M
2025-02,301269,0.0775886128942227,BIAS_20
2025-02,601728,0.013245033112582627,UPSHADOW_20
2025-03,000157,-0.02526468850820207,BIAS_20
2025-03,300014,-0.12799418740917834,UPSHADOW_20
2025-03,603369,-0.10360240160106737,BIAS_20
2025-03,002709,-0.06221429367822495,BIAS_20
2025-03,600588,-0.03121335244435497,RET_6M
2025-03,688047,0.041820516936907914,RET_6M
2025-03,000338,-0.073742621657645,BIAS_20
2025-03,300316,-0.142594296228151,BIAS_20
2025-03,000596,-0.03441813470658217,UPSHADOW_20
2025-03,600346,-0.005185573617665806,UPSHADOW_20
2025-04,688506,0.052782438478747196,UPSHADOW_20
2025-04,600027,0.024525316455696,BIAS_20
2025-04,688187,-0.03390548845094288,VOL_SPIKE_6M
2025-04,301269,0.06731894965713336,RET_6M
2025-04,600588,-0.10554631712804463,VOL_SPIKE_6M
2025-04,002384,0.09082091076169085,RET_6M
2025-04,000651,0.04100870465526474,BIAS_20
2025-04,603799,-0.01415867072314525,VOL_SPIKE_6M
2025-04,601838,0.14186248912097477,UPSHADOW_20
2025-04,600600,-0.003020035356511519,BIAS_20
2025-05,603986,0.1267171469672299,RET_6M
2025-05,688506,-0.016800584368151905,RET_6M
2025-05,601077,-0.0009920634920634885,BIAS_20
2025-05,301269,-0.025072475123403493,RET_6M
2025-05,600027,-0.06486486486486487,VOL_SPIKE_6M
2025-05,600926,0.009528346831824797,VOL_SPIKE_6M
2025-05,002625,-0.09875965363912953,BIAS_20
2025-05,600887,-0.04113257956199057,BIAS_20
2025-05,600219,0.02119907254057618,BIAS_20
2025-05,300418,0.0062837288386190515,UPSHADOW_20
2025-06,688506,0.0380926651357556,RET_6M
2025-06,601838,-0.03713235294117645,BIAS_20
2025-06,000661,0.08959064327485389,VOL_SPIKE_6M
2025-06,600015,0.004953560371516952,VOL_SPIKE_6M
2025-06,002625,0.02203509292577066,BIAS_20
2025-06,601336,0.1413640627093664,UPSHADOW_20
2025-06,000001,0.013255051061215495,UPSHADOW_20
2025-06,601939,-0.0030355594102341454,RET_6M
2025-06,601077,-0.05064548162859983,RET_6M
2025-06,301269,-0.1117093948404726,BIAS_20
2025-07,302132,0.2042245234172746,UPSHADOW_20
2025-07,600547,0.13584123403347248,RET_6M
2025-07,601009,-0.03126181772343384,VOL_SPIKE_6M
2025-07,601336,0.05353369335524749,RET_6M
2025-07,603986,0.31246894455324004,UPSHADOW_20
2025-07,600039,0.042147516307074806,RET_6M
2025-07,601077,-0.07217573221757334,VOL_SPIKE_6M
2025-07,300442,0.1843317972350229,BIAS_20
2025-07,600926,-0.011189491607881297,VOL_SPIKE_6M
2025-07,301269,0.11770560028951427,UPSHADOW_20
2025-08,002736,-0.08751941998964252,VOL_SPIKE_6M
2025-08,601336,-0.10374414976599056,RET_6M
2025-08,002384,0.08300560956620684,UPSHADOW_20
2025-08,688506,0.12197309417040358,RET_6M
2025-08,600515,0.06379707916986943,VOL_SPIKE_6M
2025-08,000661,0.26139821145547715,UPSHADOW_20
2025-08,601066,-0.054271034039820254,VOL_SPIKE_6M
2025-08,002422,0.007384006394397291,BIAS_20
2025-08,601601,-0.12877973906369922,UPSHADOW_20
2025-08,000708,0.04286208088489474,VOL_SPIKE_6M
2025-09,002938,-0.06281991624011163,RET_6M
2025-09,600183,0.19029228119280872,BIAS_20
2025-09,002916,-0.009961835796066132,BIAS_20
2025-09,300033,-0.022890337303988484,BIAS_20
2025-09,600346,0.047280608901658416,UPSHADOW_20
2025-09,002736,0.03745743473325769,VOL_SPIKE_6M
2025-09,002384,-0.041953143720853014,BIAS_20
2025-09,302132,-0.05989612111835574,RET_6M
2025-09,603893,-0.1955333706269633,BIAS_20
2025-09,600415,-0.006472650599455676,RET_6M
2025-10,300274,-0.03635710301626116,UPSHADOW_20
2025-10,688981,-0.08519890481559034,UPSHADOW_20
2025-10,002460,-0.09375032022051666,RET_6M
2025-10,002709,0.03461146342727783,RET_6M
2025-10,688472,0.109079445145019,UPSHADOW_20
2025-10,300803,-0.15046439628482966,RET_6M
2025-10,603019,-0.0684723277827679,RET_6M
2025-10,300502,0.010136055083344475,RET_6M
2025-10,600176,-0.09087205840879897,VOL_SPIKE_6M
2025-10,688047,-0.041180308852316494,VOL_SPIKE_6M
2025-11,688472,-0.13303013075611148,BIAS_20
2025-11,300274,-0.06484413697913483,BIAS_20
2025-11,002709,0.1231586331295722,VOL_SPIKE_6M
2025-11,002460,0.005438715513342407,VOL_SPIKE_6M
2025-11,600515,0.07650273224043724,BIAS_20
2025-11,300308,0.18561638788593315,BIAS_20
2025-11,002028,0.07728203727725802,BIAS_20
2025-11,600089,0.01927291072188675,VOL_SPIKE_6M
2025-11,600183,0.23804602626471394,RET_6M
2025-11,000792,0.0646564082958998,BIAS_20
2017-10,600438,0.1422089206410504,VOL_SPIKE_6M
2017-10,601688,-0.013913824057450674,UPSHADOW_20
2017-10,600515,-0.023103340618170543,VOL_SPIKE_6M
2017-10,601881,-0.08339651250947688,VOL_SPIKE_6M
2017-10,300014,-0.13084022303403187,RET_6M
2017-10,002179,-0.028553270688637666,BIAS_20
2017-11,002422,0.18514580801944103,VOL_SPIKE_6M
2017-11,300274,0.1417862693116374,RET_6M
2017-11,600809,0.18457110948842392,RET_6M
2017-11,000338,0.02461220268872788,BIAS_20
2017-11,600009,0.07782943251041985,UPSHADOW_20
2017-11,300308,0.3700524897148534,UPSHADOW_20
2017-11,300015,0.132355829024023,UPSHADOW_20
2017-12,300316,-0.14586631789082405,VOL_SPIKE_6M
2017-12,600522,-0.13923499172257547,UPSHADOW_20
2017-12,603993,0.09892086330935257,RET_6M
2017-12,002625,-0.14396638348405966,VOL_SPIKE_6M
2017-12,000938,-0.15921327326667412,VOL_SPIKE_6M
2017-12,603019,-0.05447134387351771,VOL_SPIKE_6M
2017-12,600760,-0.14850733189227083,UPSHADOW_20
2017-12,300122,-0.009638554216867545,RET_6M
2018-01,600176,-0.035050478902407534,UPSHADOW_20
2018-01,300308,0.17201729839735447,VOL_SPIKE_6M
2018-01,300316,-0.0005641521598968025,VOL_SPIKE_6M
2018-01,300274,-0.023073496659242743,RET_6M
2018-01,600029,0.0035714285714285587,VOL_SPIKE_6M
2018-01,600809,-0.16233376504406605,RET_6M
2018-01,002714,-0.18324035896192092,RET_6M
2018-01,600362,-0.11142061281337046,BIAS_20
2018-02,601009,-0.0970574276222117,BIAS_20
2018-02,601899,-0.05418138987043586,VOL_SPIKE_6M
2018-02,300015,0.13444182852658426,RET_6M
2018-02,300347,0.3673488429957701,BIAS_20
2018-02,601012,-0.005246039240373479,RET_6M
2018-02,603799,-0.02044502832744899,BIAS_20
2018-02,600028,0.011137162954279134,VOL_SPIKE_6M
2018-02,002001,-0.11476336479334026,RET_6M
2018-03,600588,-0.037182369660204384,BIAS_20
2018-03,300347,0.12139753883947857,UPSHADOW_20
2018-03,300251,-0.09950943864878292,VOL_SPIKE_6M
2018-03,300308,-0.14301015550618856,RET_6M
2018-03,601111,-0.011424219345011477,RET_6M
2018-03,601888,-0.015896847125320135,RET_6M
2018-04,300316,-0.13657770800627944,UPSHADOW_20
2018-04,603986,-0.12832376545854396,RET_6M
2018-04,000938,-0.0655494505494506,BIAS_20
2018-04,300015,0.05958897622880932,RET_6M
2018-04,603501,0.005601493731661744,RET_6M
2018-04,600547,0.016881859264041177,UPSHADOW_20
2018-04,600276,0.18715530367112154,RET_6M
2018-04,600011,0.14026988636363624,VOL_SPIKE_6M
2018-05,002422,-0.016858874120406542,BIAS_20
2018-05,300476,0.026793431287813307,BIAS_20
2018-05,600845,0.06248835909852857,RET_6M
2018-05,300316,-0.15727272727272723,RET_6M
2018-05,000768,-0.00811959326149636,VOL_SPIKE_6M
2018-05,300124,0.013582277256457331,UPSHADOW_20
2018-05,000975,-0.1008806008806008,VOL_SPIKE_6M
2018-05,600426,-0.11298716317798074,RET_6M
2018-05,603986,0.000655307994757548,RET_6M
2018-06,603369,-0.09147053914204639,RET_6M
2018-06,600600,0.012101210121012063,RET_6M
2018-06,603288,-0.03885063931431787,RET_6M
2018-06,300347,-0.029901835421871636,RET_6M
2018-06,600276,-0.09094358941312519,RET_6M
2018-06,300015,0.035003745181504176,RET_6M
2018-06,600011,0.18864027538726336,BIAS_20
2018-06,603260,-0.04702900591382697,RET_6M
2018-06,600809,-0.03052607367002913,BIAS_20
2018-07,600845,-0.0713152327221439,BIAS_20
2018-07,300015,-0.061338322771962606,RET_6M
2018-07,002422,-0.04352275787772697,UPSHADOW_20
2018-07,300122,0.1022669383596535,VOL_SPIKE_6M
2018-07,600276,-0.03949606969014352,VOL_SPIKE_6M
2018-07,000596,-0.16225896197755096,RET_6M
2018-07,603369,-0.14899871394451591,VOL_SPIKE_6M
2018-07,603288,-0.03219793874716759,VOL_SPIKE_6M
2018-07,603019,0.04929437487577015,BIAS_20
2018-08,600027,0.12558869701726838,VOL_SPIKE_6M
2018-08,300015,0.028037910414081102,RET_6M
2018-08,601888,0.07355093676814994,RET_6M
2018-08,600845,0.007403891789273809,VOL_SPIKE_6M
2018-08,600019,-0.003908431044109428,BIAS_20
2018-08,603288,0.15618745515652743,VOL_SPIKE_6M
2018-08,600176,0.01049395093910821,VOL_SPIKE_6M
2018-09,000977,-0.24755053100376845,RET_6M
2018-09,000596,-0.33678831066004467,VOL_SPIKE_6M
2018-09,300015,-0.1615357881066053,RET_6M
2018-09,600660,-0.1342260994314286,BIAS_20
2018-09,601808,-0.14417887432536625,UPSHADOW_20
2018-09,002475,0.07652894719665815,BIAS_20
2018-09,600585,-0.11036147561277554,RET_6M
2018-10,603369,0.06325143753267115,RET_6M
2018-10,601288,-0.0778546712802769,UPSHADOW_20
2018-10,600028,-0.0652412280701753,RET_6M
2018-10,601398,-0.05306971904266389,UPSHADOW_20
2018-10,300014,0.20228096543188046,UPSHADOW_20
2018-10,000301,-0.014358108108108114,UPSHADOW_20
2018-10,300347,0.1407923676768832,UPSHADOW_20
2018-11,601872,-0.09146341463414642,VOL_SPIKE_6M
2018-11,300033,-0.10519423832387609,BIAS_20
2018-11,601229,-0.02456778889899902,RET_6M
2018-11,600377,0.026025236593059997,RET_6M
2018-11,601288,0.007504690431519689,RET_6M
2018-11,000002,-0.0636790917109149,BIAS_20
2018-11,600028,-0.1436950146627567,RET_6M
2018-11,002179,-0.14015200309158826,UPSHADOW_20
2018-12,600150,-0.05640668523676884,BIAS_20
2018-12,600061,-0.010023692363768877,VOL_SPIKE_6M
2018-12,601166,0.0977747808496292,RET_6M
2018-12,300442,-0.09591194968553463,UPSHADOW_20
2018-12,300628,-0.01019406717953597,UPSHADOW_20
2018-12,000630,0.0051482336232913095,UPSHADOW_20
2019-01,600377,-0.014149139579349823,VOL_SPIKE_6M
2019-01,601288,0.021621621621621623,UPSHADOW_20
2019-01,002916,0.234932740175829,RET_6M
2019-01,600031,0.13925663716814163,UPSHADOW_20
2019-02,002714,0.41351391137936133,VOL_SPIKE_6M
2019-02,300394,-0.03858185610010423,RET_6M
2019-02,300014,0.19627002889414236,VOL_SPIKE_6M
2019-02,601872,0.05903398926654746,RET_6M
2019-02,000002,0.09753532114534114,RET_6M
2019-03,002714,0.012476567381795256,RET_6M
2019-03,002709,-0.09151645027101984,UPSHADOW_20
2019-03,300014,0.05533353827236387,RET_6M
2019-03,601012,0.07528786536758192,RET_6M
2019-03,002475,0.05202816501288532,BIAS_20
2019-03,000708,0.04482477587612066,BIAS_20
2019-04,002714,-0.011705651216852853,RET_6M
2019-04,600600,-0.04692253685934933,BIAS_20
2019-04,600161,0.05871029836381125,BIAS_20
2019-04,600276,-0.054598361020951724,BIAS_20
2019-05,002600,-0.0402321083172148,RET_6M
2019-05,601012,-0.025762859633827406,RET_6M
2019-05,000983,0.03153505342715657,VOL_SPIKE_6M
2019-05,002475,0.15516837069693268,BIAS_20
2019-06,002714,0.30402404557893314,RET_6M
2019-06,603288,-0.04857964235248258,VOL_SPIKE_6M
2019-06,002600,0.03345425231761401,VOL_SPIKE_6M
2019-06,601100,-0.02266571632216685,RET_6M
2019-06,600438,0.03557286166842655,RET_6M
2019-06,600009,-0.011946202531645578,VOL_SPIKE_6M
2019-06,002475,0.13495462942287006,VOL_SPIKE_6M
2019-06,000568,-0.002353115057602606,VOL_SPIKE_6M
2019-06,601600,-0.04249999999999998,UPSHADOW_20
2019-07,000596,0.0496314862148548,RET_6M
2019-07,000975,0.10221125557559074,VOL_SPIKE_6M
2019-07,300628,0.03516060391123732,BIAS_20
2019-07,002371,0.0018598277212216185,RET_6M
2019-07,002714,0.04960781615522225,RET_6M
2019-07,603288,0.1478541431936904,VOL_SPIKE_6M
2019-08,002714,-0.12313995411340561,RET_6M
2019-08,300628,-0.022709475332811313,VOL_SPIKE_6M
2019-08,002475,0.09313006012972869,RET_6M
2019-08,002236,0.0753409542304806,BIAS_20
2019-08,300394,0.10674772036474156,UPSHADOW_20
2019-09,002463,-0.11472246957554166,VOL_SPIKE_6M
2019-09,603259,0.08497053045186642,VOL_SPIKE_6M
2019-09,002241,0.056859676577986296,VOL_SPIKE_6M
2019-09,600026,-0.12993854258121162,UPSHADOW_20
2019-09,002384,0.04621585933699368,UPSHADOW_20
2019-09,002475,0.18872718872718885,VOL_SPIKE_6M
2019-09,300014,0.21452226606538916,RET_6M
2019-09,002714,0.39717041079505133,RET_6M
2019-10,002475,0.06978721336960758,RET_6M
2019-10,002916,-0.01844692367171108,RET_6M
2019-10,300442,-0.06849315068493156,UPSHADOW_20
2019-10,601808,0.1329755515802027,VOL_SPIKE_6M
2019-10,600161,-0.014570578376714383,RET_6M
2019-10,600674,-0.011400914224253711,UPSHADOW_20
2019-10,300347,-0.08052461032663971,RET_6M
2019-10,600547,-0.05317130283822513,RET_6M
2019-11,002714,0.022921505229442696,BIAS_20
2019-11,002475,0.07258009581980418,RET_6M
2019-11,603986,0.23876284246575352,RET_6M
2019-11,300759,0.0761865112406328,RET_6M
2019-11,600276,0.018857034922766802,BIAS_20
2019-11,300308,0.18518518518518512,UPSHADOW_20
2019-11,601058,0.013742556115437399,VOL_SPIKE_6M
2019-12,601689,0.3187265917602997,VOL_SPIKE_6M
2019-12,601808,-0.1426611796982168,RET_6M
2019-12,601872,-0.2354679802955666,RET_6M
2019-12,002475,0.23698332892299567,RET_6M
2019-12,300661,0.08961857997253975,VOL_SPIKE_6M
2019-12,300502,0.2929879045439687,RET_6M
2019-12,601236,0.07692307692307687,RET_6M
2019-12,002916,0.24903106380517137,RET_6M
2020-01,600585,0.1429286039108686,BIAS_20
2020-01,002384,-0.013929304011830346,RET_6M
2020-01,688012,-0.11876976769549574,BIAS_20
2020-01,000338,0.05911442483262341,BIAS_20
2020-01,002475,0.05870071193866355,RET_6M
2020-01,002600,-0.12562257885998895,RET_6M
2020-02,300750,-0.1126232161247609,RET_6M
2020-02,300316,-0.19024661598368253,BIAS_20
2020-02,002475,-0.20167469528951532,RET_6M
2020-02,300628,-0.2178520219623935,BIAS_20
2020-02,603019,-0.03341419516394095,VOL_SPIKE_6M
2020-02,300759,0.02887275242047016,RET_6M
2020-02,000063,-0.143991716770011,BIAS_20
2020-03,000063,-0.03995711517050837,BIAS_20
2020-03,300628,0.10984425068932091,RET_6M
2020-03,000100,0.1474258970358815,RET_6M
2020-03,600585,0.08818286257576347,BIAS_20
2020-04,000876,-0.14832600154471276,BIAS_20
2020-04,002714,-0.05659323611542044,RET_6M
2020-04,000661,0.11767370819094958,BIAS_20
2020-04,000977,-0.07004290586380135,RET_6M
2020-04,603501,-0.056047499616113106,RET_6M
2020-04,601766,-0.05733333333333335,UPSHADOW_20
2020-04,601236,0.002572016460905102,UPSHADOW_20
2020-04,002179,-0.01980055441552364,UPSHADOW_20
2020-05,600845,0.05164538081476655,RET_6M
2020-05,601066,0.23942804989352018,RET_6M
2020-05,000876,0.0690600110401387,VOL_SPIKE_6M
2020-05,600522,-0.01299897645854653,VOL_SPIKE_6M
2020-06,002049,0.7445394408387418,VOL_SPIKE_6M
2020-06,600845,0.20598055727920106,RET_6M
2020-06,601698,0.28079911209766917,RET_6M
2020-06,603986,-0.018692189105858237,VOL_SPIKE_6M
2020-06,000661,0.14174252275682697,RET_6M
2020-06,600588,0.06621459093577209,RET_6M
2020-06,002142,0.12034808368820582,UPSHADOW_20
2020-07,002475,-0.06127386471767249,BIAS_20
2020-07,601788,-0.08712121212121204,VOL_SPIKE_6M
2020-07,600570,0.017438031373488094,BIAS_20
2020-07,600588,-0.10867841138334078,BIAS_20
2020-07,002709,0.06205434573135493,RET_6M
2020-08,600482,-0.11082251082251082,VOL_SPIKE_6M
2020-08,300394,-0.15605598826052602,RET_6M
2020-08,600515,0.18846611177170014,VOL_SPIKE_6M
2020-08,600845,0.040579564573236526,RET_6M
2020-08,600588,-0.08828649052561566,UPSHADOW_20
2020-08,000333,0.02919864249243287,BIAS_20
2020-09,300759,0.10577199195941422,BIAS_20
2020-09,000895,-0.055354212253829305,BIAS_20
2020-09,002352,0.0197030369609128,BIAS_20
2020-09,601628,0.03707782672540394,VOL_SPIKE_6M
2020-09,601788,-0.18041431261770247,RET_6M
2020-09,600482,-0.020447906523855974,VOL_SPIKE_6M
2020-09,300015,0.21080797269734863,BIAS_20
2020-09,002311,0.004254919015491687,RET_6M
2020-10,300316,-0.03308795913768503,VOL_SPIKE_6M
2020-10,002027,0.0385695407994715,BIAS_20
2020-10,302132,-0.08988648090815277,VOL_SPIKE_6M
2020-10,300750,-0.017659866139827507,BIAS_20
2020-11,300274,0.5039466814091345,VOL_SPIKE_6M
2020-11,688169,0.3074091291728964,BIAS_20
2020-11,002027,0.01749502982107365,RET_6M
2020-11,300750,0.4460679691347891,BIAS_20
2020-11,002179,0.32694777630232696,BIAS_20
2020-11,300759,0.286322059136354,RET_6M
2020-11,002459,0.23556370302474794,VOL_SPIKE_6M
2020-11,600036,-0.005655208977644266,UPSHADOW_20
2020-12,300442,-0.09168035030104005,VOL_SPIKE_6M
2020-12,000768,-0.15156390783884655,BIAS_20
2020-12,600760,-0.016894609814963824,BIAS_20
2020-12,002625,0.028323621086868034,RET_6M
2021-01,300274,-0.17480774106312857,VOL_SPIKE_6M
2021-01,600438,0.021300292356953854,RET_6M
2021-01,000596,-0.03984393757503013,RET_6M
2021-01,300750,-0.0900289871387161,BIAS_20
2021-02,000157,-0.11612584730476383,VOL_SPIKE_6M
2021-02,002648,-0.13623203663736372,BIAS_20
2021-03,601808,-0.10590988882387364,VOL_SPIKE_6M
2021-03,300442,-0.16385884021989716,BIAS_20
2021-03,002714,0.13076442504222818,VOL_SPIKE_6M
2021-03,000157,-0.07081480526734119,VOL_SPIKE_6M
2021-03,000963,0.42734138972809665,VOL_SPIKE_6M
2021-04,000425,-0.0907691824491974,BIAS_20
2021-04,000963,0.0034168392724855945,VOL_SPIKE_6M
2021-04,603259,0.05323484462557326,VOL_SPIKE_6M
2021-04,000568,0.0757880344980213,BIAS_20
2021-04,300442,-0.054082714740190774,RET_6M
2021-04,601111,0.02777777777777768,BIAS_20
2021-05,000963,-0.12454609832903929,BIAS_20
2021-05,000408,0.07459661071920864,VOL_SPIKE_6M
2021-05,601377,-0.1292134831460674,UPSHADOW_20
2021-05,600111,-0.054512585175914285,RET_6M
2021-05,300015,0.09934042711265567,BIAS_20
2021-05,002648,0.25131709352668086,RET_6M
2021-06,000963,-0.22864568094590632,VOL_SPIKE_6M
2021-06,300274,0.4583717594015779,RET_6M
2021-06,688169,-0.1617584361035228,RET_6M
2021-07,002648,0.15236726259994615,RET_6M
2021-07,603799,0.07031572005605469,BIAS_20
2021-07,601012,0.041203723381646684,BIAS_20
2021-07,601127,0.2837032129844319,VOL_SPIKE_6M
2021-07,002466,0.3072041208655789,RET_6M
2021-07,603501,-0.19859813084112143,BIAS_20
2021-08,601669,0.364705882352941,VOL_SPIKE_6M
2021-08,002460,-0.2593621155395479,RET_6M
2021-08,002466,-0.25445666826927604,RET_6M
2021-08,002459,-0.15236528973590013,RET_6M
2021-08,601600,-0.006281407035175879,RET_6M
2021-08,600958,0.010739856801909253,VOL_SPIKE_6M
2021-09,600150,-0.10159074475777308,BIAS_20
2021-09,302132,-0.09091881484650766,VOL_SPIKE_6M
2021-09,002460,0.027367195198423344,RET_6M
2021-09,600482,-0.06645270908061163,VOL_SPIKE_6M
2021-09,600760,0.10581294538072794,UPSHADOW_20
2021-09,002709,0.08420953457697378,RET_6M
2021-10,600089,-0.15253269478725362,RET_6M
2021-10,601872,-0.04694167852062592,VOL_SPIKE_6M
2021-10,600026,-0.0028763183125598557,BIAS_20
2021-10,600482,0.051769464105156704,VOL_SPIKE_6M
2021-10,601877,-0.14015253476895473,UPSHADOW_20
2021-10,601058,0.03800578034682078,BIAS_20
2021-11,600089,-0.07514834054206787,BIAS_20
2021-11,300316,-0.03244681655301718,RET_6M
2021-11,002594,-0.120034736740536,RET_6M
2021-11,600009,0.08183738120380135,VOL_SPIKE_6M
2021-11,601985,0.21632124352331616,VOL_SPIKE_6M
2021-11,600958,0.04828462515883092,RET_6M
2021-11,600760,-0.06769669034006609,RET_6M
2021-12,600150,-0.17901159243441123,VOL_SPIKE_6M
2021-12,300394,-0.07786354160797804,BIAS_20
2021-12,688008,-0.15049692380501656,VOL_SPIKE_6M
2021-12,002466,-0.17383318928262748,BIAS_20
2021-12,600010,-0.16140051238257902,RET_6M
2021-12,002459,-0.043517090200535846,VOL_SPIKE_6M
2021-12,002460,-0.06230111231133029,RET_6M
2022-01,300251,-0.10444795997203937,BIAS_20
2022-01,600482,0.039122703023118044,UPSHADOW_20
2022-01,300502,0.07816583511522945,BIAS_20
2022-01,300394,0.023156351194476787,BIAS_20
2022-01,002463,-0.026616682286785376,VOL_SPIKE_6M
2022-01,688008,0.08495821727019504,BIAS_20
2022-02,600009,-0.06019151846785231,UPSHADOW_20
2022-02,603019,-0.09918674469863953,VOL_SPIKE_6M
2022-02,605117,-0.2583737024221453,BIAS_20
2022-02,002001,-0.06685939911820626,VOL_SPIKE_6M
2022-02,601021,-0.16982346450901065,BIAS_20
2022-02,300442,-0.08443271767810023,VOL_SPIKE_6M
2022-02,600570,-0.14893152464183546,UPSHADOW_20
2022-03,600547,-0.10882839333418148,VOL_SPIKE_6M
2022-03,601456,-0.2900075131480091,VOL_SPIKE_6M
2022-03,000807,-0.23174534896225396,BIAS_20
2022-03,002916,0.05134412027009816,RET_6M
2022-04,000975,0.13030110262934702,VOL_SPIKE_6M
2022-04,002920,0.06497221314154955,UPSHADOW_20
2022-04,600188,0.11263713937423803,RET_6M
2022-04,600026,0.29034582132564846,VOL_SPIKE_6M
2022-04,000617,0.04093740729753792,VOL_SPIKE_6M
2022-05,601800,-0.012668250197941378,RET_6M
2022-05,600522,0.2588661497394178,RET_6M
2022-05,300059,0.1219081388095471,BIAS_20
2022-05,601607,0.0044526901669759145,VOL_SPIKE_6M
2022-05,600115,0.13901345291479816,VOL_SPIKE_6M
2022-05,601788,0.36428065201984405,UPSHADOW_20
2022-06,600188,-0.01722905347440662,RET_6M
2022-06,000975,0.11399014778325123,UPSHADOW_20
2022-06,302132,0.02321914863121699,VOL_SPIKE_6M
2022-06,300308,0.05599396143553137,VOL_SPIKE_6M
2022-06,600372,-0.008298052497883068,BIAS_20
2022-07,000625,-0.20827850671077863,RET_6M
2022-07,601066,0.039676708302718744,VOL_SPIKE_6M
2022-07,601456,0.04151291512915112,VOL_SPIKE_6M
2022-07,600009,0.09384663931839698,BIAS_20
2022-07,688303,-0.0971234647705237,VOL_SPIKE_6M
2022-07,000596,0.19597514856834142,BIAS_20
2022-08,601127,-0.1057467684161344,VOL_SPIKE_6M
2022-08,600010,-0.08470588235294119,UPSHADOW_20
2022-08,601066,-0.1300353356890459,UPSHADOW_20
2022-08,600025,-0.054054054054053946,RET_6M
2022-08,600009,0.024117239787676104,UPSHADOW_20
2022-08,300803,-0.1417244796828544,RET_6M
2022-08,600023,-0.0998439937597505,VOL_SPIKE_6M
2022-09,600150,0.17086834733893563,VOL_SPIKE_6M
2022-09,688223,-0.02215568862275452,RET_6M
2022-09,688082,-0.15971955436035357,VOL_SPIKE_6M
2022-09,600009,-0.07616901408450705,UPSHADOW_20
2022-10,601872,-0.05779816513761471,RET_6M
2022-10,000983,0.15533889565951053,BIAS_20
2022-10,600926,0.09169989126495115,UPSHADOW_20
2022-10,000963,0.007069445778503658,RET_6M
2022-10,600009,0.0393340651298939,RET_6M
2022-10,605499,0.1031534954407296,BIAS_20
2022-11,300442,-0.04602235371466146,UPSHADOW_20
2022-11,600570,0.012513338949733166,BIAS_20
2022-11,300502,-0.07941082292667312,BIAS_20
2022-11,600150,-0.11198073449729073,RET_6M
2022-11,300316,-0.014573352541123685,RET_6M
2022-11,300274,-0.02782826860551446,RET_6M
2022-12,601186,0.023369036027263812,VOL_SPIKE_6M
2022-12,300803,0.2795464457043175,UPSHADOW_20
2022-12,300782,0.17130907570054377,UPSHADOW_20
2022-12,600061,0.06732610082961088,VOL_SPIKE_6M
2022-12,600588,0.01407210008142723,VOL_SPIKE_6M
2023-01,601298,0.001474926253687281,UPSHADOW_20
2023-01,300251,-0.0731662366384076,UPSHADOW_20
2023-01,601111,0.07529610829103217,VOL_SPIKE_6M
2023-01,600588,-0.050185778627793054,BIAS_20
2023-01,300274,-0.0800004529395778,BIAS_20
2023-01,600050,0.009049773755656076,RET_6M
2023-02,300782,0.06052751695357328,RET_6M
2023-02,600570,0.19865239874035168,RET_6M
2023-02,000617,0.18302866170164744,VOL_SPIKE_6M
2023-02,000975,0.16072462569277857,BIAS_20
2023-02,301236,0.3450779036827196,UPSHADOW_20
2023-02,300442,0.24305555555555558,VOL_SPIKE_6M
2023-02,688126,0.16426082628173222,BIAS_20
2023-03,300502,0.4224977856510186,VOL_SPIKE_6M
2023-03,300308,0.5279988424251194,VOL_SPIKE_6M
2023-03,603893,-0.18573924437650147,VOL_SPIKE_6M
2023-03,000983,-0.06548775748153901,BIAS_20
2023-03,000661,0.00375746023810275,UPSHADOW_20
2023-03,600585,-0.04847839115668906,UPSHADOW_20
2023-04,300394,0.2502085905950673,RET_6M
2023-04,300502,0.22380017243030936,RET_6M
2023-04,002384,0.028718060711945714,BIAS_20
2023-04,688082,-0.004054054054054124,VOL_SPIKE_6M
2023-04,600482,0.08469120901227112,VOL_SPIKE_6M
2023-04,300832,0.1329217710041477,RET_6M
2023-04,300782,-0.126956325216114,RET_6M
2023-05,000617,-0.07653061224489799,RET_6M
2023-05,601601,-0.030571992110453694,BIAS_20
2023-05,000977,0.09130214490795474,RET_6M
2023-05,601618,-0.014227642276422814,RET_6M
2023-05,601138,0.3959798994974877,RET_6M
2023-05,600482,0.2705860534124629,UPSHADOW_20
2023-06,300476,-0.06343949044585984,RET_6M
2023-06,603019,-0.11787905346187555,RET_6M
2023-06,300418,-0.08016462927698254,RET_6M
2023-06,688012,-0.08712048577820386,RET_6M
2023-06,600150,0.0149637381804828,UPSHADOW_20
2023-06,688082,-0.06105072463768124,BIAS_20
2023-06,600011,-0.0713205100497083,UPSHADOW_20
2023-06,688111,-0.13883685196489082,RET_6M
2023-07,600150,-0.1495115774240232,UPSHADOW_20
2023-07,300308,-0.10453465379438687,RET_6M
2023-07,300502,-0.12178177360032694,RET_6M
2023-07,601698,-0.04711751662971164,RET_6M
2023-07,601857,-0.02083333333333337,RET_6M
2023-07,300418,-0.023507412848938203,BIAS_20
2023-07,601607,-0.11088956518697313,RET_6M
2023-08,000100,-0.005336891260840582,VOL_SPIKE_6M
2023-08,601238,-0.0016872890888639525,VOL_SPIKE_6M
2023-08,300308,0.01029875672666547,VOL_SPIKE_6M
2023-08,002463,0.06537129085705673,RET_6M
2023-08,300476,0.013551141637274888,RET_6M
2023-08,601138,-0.10096930533117932,RET_6M
2023-08,600010,-0.0389696169088507,UPSHADOW_20
2023-08,600415,0.0997486057733985,RET_6M
2023-09,601138,-0.252920035938904,RET_6M
2023-09,688012,0.13684001061289464,BIAS_20
2023-09,601857,-0.10775193798449612,RET_6M
2023-09,601336,-0.09330673758865249,VOL_SPIKE_6M
2023-09,300394,-0.25041959676220016,RET_6M
2023-09,300308,-0.24222609973367626,RET_6M
2023-09,688082,0.02309449285170473,BIAS_20
2023-09,002236,-0.08396352313167255,RET_6M
2023-09,000596,0.026566557761581677,BIAS_20
2023-09,603259,0.003832335329341463,BIAS_20
2023-10,688169,-0.0508949614625136,VOL_SPIKE_6M
2023-10,600415,0.02182872843840622,RET_6M
2023-10,002463,0.05781758957654737,BIAS_20
2023-10,300476,-0.051240669759935464,UPSHADOW_20
2023-10,601059,0.1429404900816802,UPSHADOW_20
2023-10,300759,0.0044672184995402375,BIAS_20
2023-10,601857,0.008688097306689846,RET_6M
2023-11,000338,-0.08388493271010444,VOL_SPIKE_6M
2023-11,688169,-0.053674496644295355,RET_6M
2023-11,601077,0.0019342359767891004,VOL_SPIKE_6M
2023-11,600023,-0.005917159763313529,BIAS_20
2023-11,600026,-0.0712761416986768,BIAS_20
2023-11,000596,-0.09963124002421708,UPSHADOW_20
2023-11,002475,0.08231052257868177,RET_6M
2023-11,688082,-0.08886183810103465,UPSHADOW_20
2023-11,603369,-0.09435349148012029,BIAS_20
2023-12,301236,-0.3206077872744538,RET_6M
2023-12,605499,-0.10872682849099691,BIAS_20
2023-12,600188,0.15348472983555217,RET_6M
2023-12,000725,-0.07681159420289851,VOL_SPIKE_6M
2023-12,002241,-0.27414622218599716,VOL_SPIKE_6M
2024-01,603392,0.3622899092021381,BIAS_20
2024-01,002241,0.09115153556790734,BIAS_20
2024-01,300782,0.1641926814140997,RET_6M
2024-01,688169,0.1346100083869164,RET_6M
2024-01,000100,0.11891891891891881,BIAS_20
2024-01,605499,0.1002979737783074,UPSHADOW_20
2024-02,601009,0.023910244620195087,VOL_SPIKE_6M
2024-02,600023,0.23979591836734682,RET_6M
2024-02,000983,-0.11416747809152872,RET_6M
2024-02,600050,-0.026410564225690325,BIAS_20
2024-02,601939,-0.01870967741935481,RET_6M
2024-02,600061,-0.06083150984682717,UPSHADOW_20
2024-02,601136,-0.13766816143497762,BIAS_20
2024-02,601319,-0.010238907849829393,BIAS_20
2024-03,600160,-0.0004176475055054363,VOL_SPIKE_6M
2024-03,301236,-0.09308033607099042,RET_6M
2024-03,601857,0.03942428035043788,VOL_SPIKE_6M
2024-03,300418,0.0032909034461348075,UPSHADOW_20
2024-03,600938,0.023560209424083656,RET_6M
2024-03,002916,0.04754970241863998,VOL_SPIKE_6M
2024-04,300442,-0.18272650296359016,BIAS_20
2024-04,300476,-0.07885477750948588,VOL_SPIKE_6M
2024-04,300502,0.0026563138536983555,RET_6M
2024-04,601456,0.042293233082706605,VOL_SPIKE_6M
2024-04,601390,0.0011560693641619046,BIAS_20
2024-05,300442,-0.06692913385826771,VOL_SPIKE_6M
2024-05,300476,0.18708807669263017,BIAS_20
2024-05,300308,0.2234423812936992,RET_6M
2024-05,601919,0.04536616979909258,UPSHADOW_20
2024-05,600219,-0.010118043844856595,VOL_SPIKE_6M
2024-05,600875,0.003703080289513716,VOL_SPIKE_6M
2024-05,300394,-0.0015666639748042055,RET_6M
2024-05,601136,-0.010076775431861806,BIAS_20
2024-05,600938,0.11490950876185013,RET_6M
2024-06,600938,-0.11079618654985834,RET_6M
2024-06,600875,-0.08753982894516188,BIAS_20
2024-06,601601,0.10033206831119545,UPSHADOW_20
2024-06,601857,-0.13114754098360648,RET_6M
2024-06,000975,0.09151291512915138,RET_6M
2024-06,000792,-0.10944516876720267,UPSHADOW_20
2024-06,002459,-0.03651315789473686,BIAS_20
2024-07,002384,-0.04492415402567096,BIAS_20
2024-07,300308,-0.15907352266173924,UPSHADOW_20
2024-07,002600,0.1638668779714738,BIAS_20
2024-07,002463,-0.029012634534393955,RET_6M
2024-07,300502,-0.05993702013232838,RET_6M
2024-07,600066,-0.04861909323116209,RET_6M
2024-07,600219,0.013988522238163492,RET_6M
2024-07,600160,-0.17239825122819674,RET_6M
2024-07,688506,-0.013461538461538525,VOL_SPIKE_6M
2024-08,300476,0.17386856042368803,RET_6M
2024-08,603893,0.21367365542388317,VOL_SPIKE_6M
2024-08,300803,1.1448506837845382,BIAS_20
2024-08,600066,0.2353488996467794,RET_6M
2024-08,601318,0.2966016798951989,UPSHADOW_20
2024-08,601298,0.01299826689774708,RET_6M
2024-08,601136,0.22806122448979593,UPSHADOW_20
2024-09,000999,-0.0547784694251191,VOL_SPIKE_6M
2024-09,605117,-0.06964123402662681,RET_6M
2024-09,601601,-0.05880436553184554,BIAS_20
2024-09,600233,-0.08121351125938292,RET_6M
2024-09,300661,-0.05914737239230361,BIAS_20
2024-09,601318,-0.0043979555449897845,BIAS_20
2024-09,688169,-0.15226848974518326,BIAS_20
2024-09,300442,0.01303845519062552,BIAS_20
2024-10,688256,0.23677248677248675,RET_6M
2024-10,300866,0.02290693496227103,RET_6M
2024-10,300628,-0.025446446433096237,RET_6M
2024-10,601319,0.019631901840490906,RET_6M
2024-10,002241,0.09088110672509342,RET_6M
2024-11,301236,-0.08126580548151197,RET_6M
2024-11,000617,-0.07626245276537269,VOL_SPIKE_6M
2024-11,002384,0.13881589117328796,BIAS_20
2024-11,002600,-0.06880977683315626,RET_6M
2024-11,300394,-0.11541429004436377,BIAS_20
2024-11,601318,-0.011283851554664048,RET_6M
2024-11,300476,0.037735849056603765,RET_6M
2024-12,688256,-0.1306990881458967,RET_6M
2024-12,002460,-0.05513057240833541,VOL_SPIKE_6M
2024-12,000301,0.04370447450572312,BIAS_20
2024-12,600010,-0.04322949777495233,VOL_SPIKE_6M
2024-12,688303,-0.11514018691588779,UPSHADOW_20
2024-12,002466,-0.07333787808115966,UPSHADOW_20
2025-01,002625,0.006640154693713818,BIAS_20
2025-01,603019,0.0709034771741528,RET_6M
2025-01,601456,0.03371783496007108,VOL_SPIKE_6M
2025-01,600050,0.27803203661327225,VOL_SPIKE_6M
2025-01,603986,0.03478018532710947,VOL_SPIKE_6M
2025-01,601601,-0.04567828312659972,UPSHADOW_20
2025-01,688506,0.208318207747757,UPSHADOW_20
2025-02,300866,-0.07577615697411744,RET_6M
2025-02,300628,0.03628941997498192,BIAS_20
2025-02,688041,-0.1168912175648702,BIAS_20
2025-02,002625,-0.07600304447102324,RET_6M
2025-02,002311,-0.019425233516105034,UPSHADOW_20
2025-02,300750,-0.04297560680346224,RET_6M
2025-02,601058,-0.08254302774850719,BIAS_20
2025-02,601298,0.13566936208445646,BIAS_20
2025-03,600050,-0.04325955734406439,VOL_SPIKE_6M
2025-03,688256,0.12937399678972716,RET_6M
2025-03,300442,-0.1499542543458372,RET_6M
2025-03,603986,0.10104952991388072,RET_6M
2025-03,688111,-0.01983405507255953,RET_6M
2025-03,002460,-0.11469488891688717,UPSHADOW_20
2025-03,601877,-0.054454367240252655,VOL_SPIKE_6M
2025-04,002648,-0.07619172800560814,BIAS_20
2025-04,000408,0.0033464566929133355,UPSHADOW_20
2025-04,300866,0.14810311284046684,RET_6M
2025-04,002049,-0.00017478588728803146,VOL_SPIKE_6M
2025-04,600023,0.019230769230769162,VOL_SPIKE_6M
2025-04,601018,0.04158004158004158,VOL_SPIKE_6M
2025-04,600018,0.072788353863382,BIAS_20
2025-04,300442,-0.11613389301474542,RET_6M
2025-05,688256,-0.0035781731438225828,RET_6M
2025-05,300866,0.13076325637223762,BIAS_20
2025-05,002422,-0.05639604826655986,VOL_SPIKE_6M
2025-05,601689,-0.031072946175637273,BIAS_20
2025-05,000977,0.039450435630292935,UPSHADOW_20
2025-05,600183,0.15078943691490831,RET_6M
2025-05,300661,0.028111640493428958,VOL_SPIKE_6M
2025-05,688041,0.037932044522554165,RET_6M
2025-06,601916,0.0,VOL_SPIKE_6M
2025-06,601318,0.05782949362647627,UPSHADOW_20
2025-06,000975,-0.05438949587885755,RET_6M
2025-06,002736,0.15066666666666673,UPSHADOW_20
2025-07,002384,0.12872915727805312,BIAS_20
2025-07,300308,0.6309896687152514,BIAS_20
2025-07,000408,0.17321566806007116,RET_6M
2025-07,002916,0.3933761002536178,BIAS_20
2025-07,002938,0.12832294059730898,UPSHADOW_20
2025-07,000807,0.24609547339627635,UPSHADOW_20
2025-07,688008,0.44548571428571426,UPSHADOW_20
2025-07,002460,0.10889766409304347,UPSHADOW_20
2025-07,002736,0.11877172653534163,VOL_SPIKE_6M
2025-08,601669,-0.057934508816120944,VOL_SPIKE_6M
2025-08,603259,0.08803327482255963,RET_6M
2025-08,002938,-0.06239092495637011,VOL_SPIKE_6M
2025-08,002463,0.06804123711340204,BIAS_20
2025-08,688082,0.3019754811662325,BIAS_20
2025-08,601318,-0.07964026438400706,UPSHADOW_20
2025-09,600010,0.0674937965260547,UPSHADOW_20
2025-09,600111,0.05196987550591725,VOL_SPIKE_6M
2025-09,300394,-0.05834544733712177,BIAS_20
2025-09,688303,0.04241281809613584,VOL_SPIKE_6M
2025-09,300476,0.029771794544086072,BIAS_20
2025-09,688082,-0.12045665219300383,VOL_SPIKE_6M
2025-09,000617,-0.0027601104044162605,BIAS_20
2025-09,300502,-0.05867167116766592,BIAS_20
2025-09,300308,0.17294790992915288,BIAS_20
2025-09,603259,-0.11272051345000522,RET_6M
2025-10,688008,-0.13056168576920346,RET_6M
2025-10,300316,-0.06384108774166142,BIAS_20
2025-10,002600,-0.1095411507647488,RET_6M
2025-10,002920,-0.07164035579774031,BIAS_20
2025-11,601600,0.1628919860627176,BIAS_20
2025-11,600219,0.20464630644740267,BIAS_20
2025-11,002466,0.0063688785609778975,BIAS_20
2025-11,601138,0.021974965229485388,RET_6M
2025-11,603799,0.10399949453465585,VOL_SPIKE_6M
2025-11,688012,0.017215152302155756,VOL_SPIKE_6M
2025-11,300476,0.06235724930169173,RET_6M
