year_month,EP,BP,SP,MOM_12_1,REV_1M,ROE_TTM,GPM_change,VOL_20D,IVOL,TURN_1M,AMIHUD,SIZE,BETA_60D,ABTURN_1M,OCF_QUALITY,ASSET_GROWTH
2015-07,0.11897247235049975,0.15526827838008397,-0.0518943396760908,,-0.025394993146237648,-0.0023524246642815366,,-0.24924505550001547,-0.2628808403955025,-0.18234662090669562,-0.07182127906514131,-0.09114473290939636,0.009500055398453446,,,
2015-08,0.12975248067822578,-0.013624549246341872,0.01493243670779505,,-0.04784304792277685,0.14000030753051423,,-0.14034226487086762,0.05618495201624138,0.015172456996151936,0.15420520031953946,0.08907884620860503,-0.20060252628547223,,0.0013572767631046061,0.15081502309013753
2015-09,-0.18297050143312216,-0.05729697899615539,-0.17349056716974753,,-0.18140190483878907,-0.12166865788000218,,0.36005373936408425,0.22147161099834073,0.18592765382061946,0.31324707692973625,0.3835803851321093,0.2776532232187713,,0.01037423911790138,0.09340688477031911
2015-10,0.09229772895300231,-0.009474200692785187,-0.20632121650114554,,0.14721181268559025,0.09249058046712105,,0.12459146736969848,0.04434191262137102,0.1984246548152088,0.35864043736245044,0.3937668696252589,0.09807503190843848,,0.015559186475003102,0.19359253582006397
2015-11,-0.0326072431224755,-0.06965623724547841,0.07550897828084191,,-0.08313494890267135,-0.05696348777689932,,-0.07103498782044756,-0.13643481891968617,-0.07165522623058755,0.10964494241436157,0.12141173153290047,0.014721201820275238,,-0.018506712101725817,-0.11566043892507975
2015-12,0.2538599683708282,0.05232955698032607,0.11441769414592007,,-0.04588868152377183,0.2830679834352187,,-0.198275708599911,-0.22538601060382635,-0.19990403576149438,-0.13224975394622013,-0.26819236090388743,-0.3085326072213331,,0.01888291786612229,0.08157982105602586
2016-01,-0.0061460348826778664,-0.02767285444399407,0.015413642622190115,,0.13447471024966043,-0.01204394356513146,,-0.2134276904227434,-0.1203812900463467,-0.16197770867488548,-0.03489918097890667,-0.10028264560965398,-0.22491546296418038,0.018179346600456534,0.06595169687647859,-0.08856529374502367
2016-02,-0.1584040025562942,-0.01565441555120195,-0.20286540404393688,,-0.28777824044683104,-0.1383763153125143,,0.3607407820605791,0.1394161270670014,0.23680365548195226,0.19741585676670653,0.29544103467236177,0.3646805696116791,-0.19475984060896995,-0.06066732277854055,0.0883277159402357
2016-03,0.06429073857743671,-0.057662814019035426,-0.03783220757845609,,-0.13509248032803003,0.08074167644024177,,-0.03954290814334325,-0.06273466030027366,0.030557369576942717,0.07337886474881508,0.13005920837682985,-0.062104248181115485,-0.12045586042195673,0.07438254524980918,0.010818030468666187
2016-04,-0.027296286331522375,-0.1103878159493754,-0.20567793994153427,,0.011273855894195639,0.11578117293579615,,0.001497030215734192,-0.032464256089703936,0.023368388343970505,0.025860715632774825,-0.011440552299177285,0.09340497499554935,0.033041764626654875,-0.07869306731834191,0.10354366534309664
2016-05,0.14765986338348247,-0.11410805493233578,-0.12302582326902986,,-0.002837710228449831,0.18599486249587596,,0.13734117625497202,0.10927522537738722,0.13025250263967764,0.051295434849839325,0.15966683879378435,0.10675198622986876,-0.007014976807688546,-0.060814138901571654,0.13123718497020187
2016-06,0.13975937654664874,0.19261494512227373,0.2327777272733632,-0.22351407991119493,-0.24362193595070747,0.021105089880283853,,-0.3853275089983196,-0.371229856800787,-0.30883954342346,-0.11222031251350686,-0.1731759372875018,-0.22524478180750845,-0.15738800845835008,0.08213319361937675,-0.044419452177719254
2016-07,0.020021882623273982,0.0759805464556014,-0.009892764633589853,0.021416380620141447,-0.0990941024220153,-0.12416660789642121,-0.02261501066534501,-0.06259044631879479,-0.04576982168932442,0.004971001165154512,0.13859346586064392,0.10493609984966308,0.10892764932023703,-0.02002018514073207,0.09514048538095957,-0.11631862750288235
2016-08,0.07245527377290364,0.010708512582184384,0.11803974480854718,-0.03314909979725103,-0.06575721039870952,0.03825041029544401,-0.037532416165160995,-0.21830704480931631,-0.16904609453361916,-0.18414495080086726,0.13562968792050106,0.004740656448237453,-0.17449684752765035,0.05154604670968613,0.05176364648717922,-0.13752219860061676
2016-09,-0.0744647955658923,0.02509112612625179,-0.0029650802554572206,0.10627268398542795,-0.13120162864141108,-0.0727918696871351,0.19042342098756507,0.022602603459198758,-0.11061515080581585,0.02501201746266474,0.03801158461034768,0.10544064862888806,0.1900461153543097,-0.17589695676547762,-0.014263531584077739,-0.03731205940175752
2016-10,-0.07891698813382256,0.23265467185748648,0.19667109212794162,-0.26004485228268526,0.0387690376436941,-0.1728958381322896,-0.13367578223385446,-0.09966247879641071,-0.08696838535992689,-0.11664436616849819,-0.14074707630448097,-0.18480426467219205,0.08207859788095993,0.13474851664836068,0.17998434656476678,-0.1783525750854628
2016-11,0.021377194759430933,0.033135878100806954,0.056329239024968177,0.0733361487210794,-0.07303163056450758,-0.09472968928952587,-0.13132078127476565,-0.10545472955276093,-0.07493749459080312,-0.19905306771855127,0.12258484043721224,-0.06766819170479263,-0.2007020175504388,0.02913165308176992,0.02655403597643215,-0.03886746503400314
2016-12,0.07309886572644951,0.13466341319277492,0.19643688413683363,0.18027985355485313,-0.012640913841100996,0.03190711826040501,0.034680027377122336,-0.1912511337118413,-0.1792649981062519,-0.15846986304726812,-0.22176644397290746,-0.2685145072026762,-0.027729183567230083,0.15137761093525698,0.11837335658484247,-0.007682701765422259
2017-01,-0.06096894178695256,-0.14216576190765068,-0.11110799135344848,0.035197645019638665,-0.16247456866949855,-0.07567542006294739,-0.00974149960269869,0.16071751171772625,0.15430454523729226,0.15336263991395985,0.17329463065051373,0.255300724102261,0.0024575144081572333,-0.09376319616480748,-0.05347440281926065,0.035965394207027664
2017-02,0.06950505898791937,-0.004109674063400452,-0.06829874912869459,0.12408751843168384,0.09238625263659607,0.14245677345814708,0.06491260529037589,-0.058445003369455656,-0.06963093448331581,-0.07913194371339166,-0.17396731968576845,-0.21802216574874256,-0.05344044179328143,0.04692593160614298,-0.07169630791122203,0.18213863225221633
2017-03,-0.00030065160596400785,0.05495049469058187,0.06301256080779541,-0.0302739337123611,0.32697374718872835,0.029555976074857205,-0.07230945761310559,0.036238599229381066,0.0506074878627848,-0.0748863194214617,-0.12698148088683986,-0.2453758132228192,-0.06179001107227847,0.1612902051987822,0.016507909295869844,0.05947029854575124
2017-04,-0.06813313413919445,-0.16415121934871052,-0.08772543669629898,0.1958913664749201,0.1712397809945249,0.23303400062558166,0.07513375204368579,-0.08244071559437653,0.007525930863455876,-0.07865055614528685,-0.20433131414865366,-0.2760084002100053,-0.16643516087902196,0.08758047773979029,-0.08115589403884775,0.043899940151696376
2017-05,0.07046302502146469,-0.1410971396640679,-0.02076905056532084,0.23495092141721222,-0.03418170202985473,0.11615614625819484,0.09576382752686811,0.05433094410534449,0.01730431988006307,0.09793820501244391,-0.13468694707759776,-0.07489693460457245,0.22833860857770935,-0.0331351008795395,0.06928533175549022,0.07918500543889638
2017-06,-0.058331031196522116,-0.055487058827376444,-0.06914524372788063,0.008311201522079014,0.020584000781685177,-0.09551064870081494,0.05731434843206065,-0.13297975033645484,-0.10346569056988837,-0.16194154367771224,0.1035200733398018,0.001276100813535461,-0.0547028160547655,-0.12807283691858296,0.013002643791812396,0.06352208613364511
2017-07,-0.02204122718766892,-0.0421245944190722,-0.00683968540590334,-0.12383831154852287,-0.12326879297443469,0.010885496334323494,-0.031064646568971774,0.08927139076877104,0.10177368642945592,0.019901497567147215,0.12534538987089835,0.07739911679610173,-0.03703060758337141,-0.170919866909958,0.0058332901955857105,0.11932361764321316
2017-08,0.0074749346217295514,-0.053235426758892396,-0.11196995519068996,-0.15901697881478935,0.03941042332840798,0.11329398220355187,-0.00042852721476138294,-0.0635157628319835,-0.02394484670402892,-0.04883746494530648,0.0648407354570416,0.05635726273667742,-0.07918244217628145,-0.0800574813779496,-0.019561023563876793,0.18021556919975873
2017-09,0.01275317594447137,-0.09257583354765654,0.01610529115701742,0.27546396401607753,0.033432355561673996,0.158803295549672,0.04378511293071004,0.01711334701048263,0.06105187295303137,-0.18990363673494917,-0.06663408667796228,-0.20160274878521806,-0.14623649862091434,-0.10631903159785275,0.0252863409436876,0.13363813802965177
2017-10,0.0798887557731875,-0.08660831628929477,0.13092030554595654,0.05424692321591938,0.055728453332751685,0.05331035921323248,-0.025742029284588394,-0.11225853946126917,-0.10959240898886438,-0.058455257322328924,-0.1727406417927309,-0.15672698185739609,-0.006201336588617539,0.10013128524196141,-0.17090075489538256,0.03132245652774119
2017-11,-0.06771643907133071,-0.08680693084148153,0.1180971219729333,0.14642858110117682,0.06164032814411393,0.0032788737234498173,0.033873952228235006,0.14909616344701368,0.10600955790064472,-0.022229325326793895,-0.034341398077158504,-0.09147351637374045,0.19988926121274336,0.029125166034419187,0.17201919440670935,0.08638423718206195
2017-12,0.09364254604780473,0.0002878735249570095,0.027425756147764515,0.13988103846098407,0.02734107997265892,0.11103195034976829,0.05986998413997007,-0.03513328776486671,-0.08416939695020523,-0.06271553495035323,-0.0671391573455699,-0.1416800770545574,0.040373455614603246,0.04593929180929309,-0.05844843916036122,0.058221650738766305
2018-01,0.03461050449581861,-0.09715292422192837,-0.16159959095845922,0.08998345056959892,-0.17129783745789265,0.11246735987842912,-0.0634260582657587,-0.008233216859856661,0.04968061522728274,-0.03088370173284942,0.16461305646351013,0.09738429075953266,-0.01649338588607832,-0.17959132704009856,-0.01221704964462655,0.106519983172595
2018-02,-0.03254738717606022,-0.027513497043292468,-0.14774976132749965,-0.18987489053755108,0.07786526450828284,-0.09050976041202638,-0.1178601710462542,-0.0012721831943799907,0.059393912323061,0.059855197751518145,0.19522560922313717,0.24505470289546485,-0.13110687939063226,-0.04920812990114806,-0.05677697479552191,0.12933304449155478
2018-03,0.061370979264755335,0.09318494354505906,0.0011662310040405862,-0.011354528887725129,0.04607735408275098,-0.10889916807287035,-0.04714363280528654,0.020794122315698764,0.026783252870410796,0.05859224287241257,-0.017264625563098886,0.1150554855831022,0.085789441289566,0.04196998063156054,0.015455534041635388,-0.039691027152187676
2018-04,0.11412653151426053,-0.006806167729316992,0.07794833918987194,-0.009715330138170514,-0.1688532518888602,0.22343054324562955,-0.10386735320146567,-0.14177904908760483,-0.16843228506301625,-0.08753780527592278,0.09489063627661723,0.01759483862273801,-0.07608789314950452,-0.18236530858323802,-0.091457391797362,0.090489977276645
2018-05,-0.00396020631561003,-0.1463175967462666,-0.12504942231861577,0.2399242201249742,0.042673965183228774,0.10820065418216984,-0.03424320409782282,-0.0255208799070017,0.008383952580954233,0.1256929518673049,-0.18951218976511355,-0.08148084512233433,-0.1875212974800167,0.06296988609469513,-0.06011339465581546,0.1705500927773798
2018-06,-0.019254501232083637,0.04934646590030744,0.16782124765853015,0.03971410318423122,0.07791585276693216,-0.07157321938551137,0.0470870181275194,-0.04350216554640868,-0.04594002135324192,-0.0462054626860235,-0.04959492048884251,-0.13144778209614846,-0.0895413313414882,0.13277737264338327,-0.017510382483457407,-0.1333064676864849
2018-07,-0.12079815988756337,-0.012694432984133563,0.055579029468158396,-0.003592106808662891,0.1227892837540141,-0.1211108199775193,0.023617022745765683,-0.140391856639003,-0.15370711980844445,-0.15838306269612684,-0.015089974510288026,-0.052543100598023036,-0.05107775909557149,-0.01230272502359132,-0.05101624544448059,-0.16267268203961088
2018-08,0.07288352070362902,0.0028937129513404666,0.060577501584409235,0.026007114593591635,0.08145099066753586,0.12875646862894785,-0.007835249031224806,0.08488855079813566,0.0928119490931923,-0.027104534855643618,-0.006585554705361221,-0.12485151925050657,-0.04488758482455505,0.055650209389204584,-0.012164580483305352,0.09173674395179832
2018-09,0.026730215058034638,0.13982694370053422,0.019010517144494456,-0.08859687386392785,-0.057908559228235165,-0.1303481796176896,0.0035232343161581223,-0.2396075922574774,-0.13775726335944144,-0.27438806032417157,0.09767748420288166,-0.012541238012621017,-0.2418938787952687,0.07741794510248513,0.0437445426746156,-0.0978781589540223
2018-10,-0.06753072156445625,0.0420703043258292,-0.028037992496014744,-0.09642290235076019,-0.16001500375093775,-0.05774419795425046,0.037670677211873844,0.10536562712106597,0.051049008301062994,0.11590294009243497,0.010493121331501282,0.09083940355309572,0.09853058502720917,-0.0623670581501123,0.008876654830795213,0.037602074397180316
2018-11,0.10067929188321557,0.1531518826710027,0.057383341641953384,0.09859548106548156,-0.06713699571490803,0.011415621639121337,0.11273889729870012,-0.15430234581797905,-0.1037420048324461,-0.16298873792330973,0.07571641657502305,-0.05806150455009037,-0.17491887559225305,-0.13456613911184823,0.04755030344804062,-0.025582871554549174
2018-12,-0.024971118942035436,-0.19245869509030367,-0.07910316224994915,0.1304746631030713,-0.020280563979668195,0.13985047182055382,-0.033637713088805914,0.17991411978263933,0.11624152954490241,0.06309714158166611,-0.13264457212583608,-0.11327136907342772,0.0770360482837402,0.108074194637932,0.04941196757657527,0.05091430217120104
2019-01,-0.06124403700026059,0.03826015711342186,-0.06851076759645695,-0.3276850569483943,-0.1323410496632707,-0.11181489786781276,-0.08688879533991589,0.18477891888601466,0.12764283062357448,0.23636610926895604,0.06342023059723556,0.23477264918736887,0.2521943041594849,-0.09100533744292409,0.004150754457882184,-0.014415709943125106
2019-02,0.03590821021025933,0.052431135670072224,0.026394674674003415,0.11787778645088749,0.0484763365611841,0.006699867121408343,0.07599774291166386,-0.04961910554102589,-0.0841961119164035,0.018971404696919204,0.18486468196531017,0.21873832926325673,0.051644912367676814,-0.0944268311681257,-0.07962888963029634,0.06174267489773945
2019-03,0.0646504403220592,0.09987060463817134,0.22799353860021507,0.059244922593368644,0.01750550597786098,-0.00631417141920359,-0.023953630086224895,-0.06946993438024827,-0.06671601138828138,-0.0905405749139075,0.028411668635763037,-0.07199776650449297,-0.011516181850865238,-0.09585872871337651,0.15905547886115126,-0.0014561073766353352
2019-04,-0.048857327287346,-0.11173948150127007,-0.10542084175978916,0.1844419978367948,-0.06473841554559044,0.0937881699765108,-0.06745959892465682,-0.1510591501174461,-0.08826179799273971,-0.19767876081352764,-0.0564059924606333,-0.07929105274396755,-0.26642323297031817,-0.12891706675031536,-0.02947532199517302,-0.09860798991994085
2019-05,0.03342288455902233,-0.1236017735080823,-0.020208937363627666,0.2707569789404266,-0.2281221629061823,0.16333706366863812,0.05244456517241492,0.08668038524030675,-0.03217662059096906,0.030659440611705793,-0.02449705448026022,-0.06157028591716552,0.17515702042694994,0.019694212156706543,0.056404310466523847,0.11682494570093364
2019-06,0.009201448900199229,-0.11701776297690519,-0.14285112266755304,0.02165701189027723,0.04495585877660637,0.09724981490987877,0.014743386175091841,0.11972311376394196,0.09343529320078721,-0.017396911132866327,0.021894914944049618,-0.017298782474395483,0.026451755807985488,-0.01811940995684972,0.01785686072807954,0.11086920340545692
2019-07,-0.23261417499840165,-0.26498438410920405,-0.24867096418481888,0.1465087183419551,0.12138116478343311,0.09682614305870543,0.03443183853367534,0.17069612552296104,0.21487471886669712,0.04139816336323739,0.07907408348013145,0.06703647544263178,-0.002893085116205586,-0.04077176109287954,0.019844733915436508,0.09136320222733547
2019-08,0.10951089223979593,0.023896245528864702,0.006242323095025072,-0.08714652386720365,-0.026825125769028218,0.08798754943023107,-0.10160178511641907,0.02367824263943395,-0.00389592869041139,0.0748618964604128,0.21007601588405567,0.23334689256803323,0.09049585515680798,-0.10193114447248942,0.15344822498086833,0.09174823027726853
2019-09,0.05864429160566346,0.010345979103514842,-0.01195163432977236,0.09527280680445678,0.12801921339773945,0.0702912863396402,0.08726632653972413,0.14461388125364488,0.11780402761038188,0.07750360792879578,0.1642079258836269,0.11338898934328472,0.14510932430526166,0.0886297095003026,0.06242643310554052,0.14219727110575298
2019-10,0.02373807479608539,0.052111206892969504,0.054408403645690745,-0.01399354366178047,0.05256083113680295,-0.06426196611548558,-0.012053654367668427,0.08452348587079667,0.08282586777828463,0.03379039226501021,0.028744193299553085,0.025952115313097116,-0.02126829018068967,0.0015286394187526769,-0.008675478774494243,0.05149725175872711
2019-11,-0.11358948945809613,-0.12757762783785645,-0.10086535501222933,-0.022769343715650047,0.09193466368110298,-0.029022682798487534,-0.06449231510964192,0.12430183364694819,0.10781516012581045,0.15999503910107452,-0.07526152300957958,0.07869985769632062,0.20729155750896175,-0.0647382386688397,0.07907625240887552,0.040692354293589986
2019-12,-0.02815670066176815,-0.0954553353586593,-0.08599741765224043,0.02603763797189658,0.03443656579653655,0.04353974219645759,-0.04830384482751776,0.024931395825720657,0.049474847847822155,0.174513537568555,0.044689604683123926,0.13282144629506573,0.009466697527867239,0.025170706302233444,0.028807812549933025,0.11008595988056008
2020-01,-0.08931346567997506,-0.1605619589512509,-0.17206964858828006,0.13454532554912174,0.11299313868928695,0.0776884300522593,0.11760697970391783,0.11312823000743637,0.11631632578517626,0.08957845765559534,-0.08241989556359414,-0.08360975899865573,0.05348675650432644,0.06617720403410855,-0.042998157807843475,0.16973772811375545
2020-02,0.08062768892721338,0.19906055800539765,0.09985110003437163,-0.0613802703600469,-0.05523927750663842,-0.07536747029618185,0.03569893611572482,-0.19060958478034684,-0.13502732392021968,-0.1440131687713526,0.048508046649314726,-0.022143933719844282,-0.1570335185057229,-0.1299714975724368,-0.0992296502673284,-0.10210626998843006
2020-03,-0.07588696226546125,-0.23826318727926826,-0.16227020070159873,0.3499645140557883,-0.2921143121334536,0.18410296028910028,0.14040346633530867,0.3303478879192586,0.15962689629269594,0.21972029538143342,-0.0924224578842653,0.04491575810311785,0.29003103418390536,0.16836624192163055,0.07286463087120609,0.18260876136572343
2020-04,-0.08704309893892415,0.017344092041888044,-0.02043429496208808,-0.018386539652506414,-0.011055065345305318,-0.11772020328038003,-0.051882738179483905,0.13236681015397114,0.13330442284780453,0.02443671460826896,0.23155632985268296,0.19249549053383497,0.1071717784969895,-0.022775329936622162,0.09307706057412551,-0.14428317340093194
2020-05,-0.17434280622539106,-0.18979039765699784,-0.16321953575850826,0.22695034931666563,-0.031352512142067135,0.1363588923177463,-0.02835007877939538,0.06807884509597521,0.027693585385328182,0.09386581868510889,-0.04866889454081871,0.01721619066078891,0.20461105682496158,-0.06868229465517697,0.06692550498600945,0.14305166005102532
2020-06,-0.08629673606217617,-0.09715124427148775,-0.06884390793738705,0.0017885187635498948,0.03538434086144322,0.04865919445323286,0.09902688690150918,0.05688530642382475,0.057709833011725886,-0.04957186503929225,0.1514891806628171,0.09926033263166369,0.032413593052283675,-0.005106403556931314,0.06412043476770449,-0.005023326553851641
2020-07,-0.0560328673087611,0.0047888823130232405,0.031021953062880202,-0.09630422489916723,0.039756786197733,-0.009907654999959282,0.013593134917344275,-0.12184166151222608,-0.0831480063216515,-0.12344396891500342,-0.01824232457238163,-0.030705224845800735,-0.04694382304090557,0.02886799240612957,0.04734820888617328,-0.022909598174988798
2020-08,-0.11931275878863723,-0.09556466538028845,-0.06601401502441102,0.1420591139474952,-0.006847743546862003,0.06430723802913559,0.03170152741539193,0.10418034852070761,0.12682265566803977,-0.0175716494325365,0.013935906395690366,-0.05930221511798405,-0.0368120154419352,0.07495740236097724,0.15448210822490643,0.016166434418145775
2020-09,-0.05696877624713671,-0.15092147303298808,-0.044884427244062886,-0.00381725517971612,0.08974780488930405,0.09885698967821434,-0.055645440407069945,0.03666683807919648,0.01224231434884942,-0.10610758028418484,-0.09276869740633885,-0.202174862592007,0.06700914574191318,0.09409496904012701,-0.009557047368435783,0.06381962767714275
2020-10,-0.021982544708723753,-0.08387385711762148,-0.006745867567551826,-0.027916564714673648,0.059976002666724884,-0.0028962837406926534,0.0836271934868803,0.1069353899355733,0.07631328582377146,0.013555016901790095,-0.01880209495250355,-0.001559379553144453,0.022156570735334714,0.08804848713307832,-0.011849078151660858,-0.12434712952791856
2020-11,-0.2537156872887281,-0.340690651529217,-0.32110217338557956,0.3666820574956271,-0.01593435080514687,0.11798466515249778,0.03992070243951527,0.20257320357826902,0.16912006224718473,-0.0020864639472157236,-0.1815398171606066,-0.19418765453370362,0.22177915431725126,0.0540860257965556,-0.046147010113024876,0.0799542863199513
2020-12,-0.1628385948805652,-0.2227627913432083,-0.2352980514491076,0.19961905623970624,0.30188936060204596,0.12767773656568707,-0.06400971696039204,0.19252404682069008,0.1325663106913746,0.07409260652079928,-0.12237421475508135,-0.1713401863953135,0.16743793772451696,-0.054138783821935835,-0.10014449999028743,0.11609194072091474
2021-01,0.2864267549662976,0.25640692845508783,0.34065838277100163,-0.27916123880704286,-0.26348339222130296,-0.031200672936160474,0.017371870503700253,-0.2498229728281336,-0.23175045696861604,-0.005769416868664707,0.025683788360227427,0.10934826352108384,-0.14737262491771017,0.011034823350919144,0.025301482456081048,-0.11711500407297189
2021-02,0.08374484226264063,0.2084262689260875,0.07833912184730975,-0.11438423525174472,-0.017823696577987814,-0.1288952361856513,-0.032333841223180386,-0.14337530360395426,-0.09898896771074502,0.029242765612197266,0.25011824576942654,0.2316118548580007,-0.21725932708091034,-0.012372262872998831,0.07193745623725245,-0.13025402454738014
2021-03,-0.2859668316730964,-0.2363200019904239,-0.177989571196017,0.333253541815874,0.02946790742066333,0.0680149211042945,0.10032896692541518,0.2697283886944962,0.14159593687152744,0.03411283021536545,-0.037140100033618804,-0.09378348457430964,0.2559225551351536,-0.005577622825896102,0.11465807324375575,0.1578671025148736
2021-04,-0.18956739210997609,-0.1362468500064335,-0.1836457536604325,0.10553385002803686,0.14694003832100228,-0.07775142644578936,0.09139202358031955,0.27955375671970817,0.2432724266020269,0.16694822474045531,0.042179581751170286,0.07384291382544839,0.2353897120156991,0.01427425829714784,0.07844914772042283,0.06210359727216567
2021-05,-0.1278574143496513,-0.12420240942837203,-0.1598946546565547,0.08443979022603541,0.21086893786635544,-0.04929878290940392,0.0775140139164629,0.05292779732511473,0.07319906249966077,0.0276585843536708,0.013982477620823398,0.003884539262342884,0.046555488390800974,-0.04232330163358732,-0.028440162704737502,0.03734279622533485
2021-06,0.023930567409850438,-0.030800073488006258,-0.03133909732276951,-0.026334488337899118,0.10402261500966083,-0.01764056454149865,0.033570058878732545,0.05599669986104678,0.04657755326540065,-0.05459449640463456,0.07092567882385979,0.04065033001389532,-0.03706432376100047,-0.01870576907068564,-0.001919798392281431,-0.05106443350224613
2021-07,0.05821770719527931,0.047405425475552446,0.12454710580771752,0.007034118995297124,-0.0249817351126211,-0.10504549094511487,-0.04143506491538933,-0.03086643121815655,0.0233296665122742,0.03329350478680228,0.07084917984560717,0.12420246641963871,-0.11471818550254749,-0.026857753889003473,-0.02612988556355904,-0.07090939465900098
2021-08,0.05157340167975037,0.11175723005274991,0.08343260806348377,-0.23077053793688285,-0.09757388530977147,-0.047748051253232705,-0.13211515041669147,-0.07388421044726469,-0.10525688989789879,-0.0716230862313938,0.02673553330480127,-0.0063011438190750686,-0.04102842506452863,0.034447778200727565,-0.12966764533400005,0.01883722039208317
2021-09,-0.12959807212888338,-0.11007249841733116,-0.05127186315717411,0.12078274858456121,-0.17995224152622893,0.03320273733037186,0.043908323906948,-0.07259461017583838,-0.07192154377544166,-0.07934340830835511,-0.0978999370778236,-0.11717578191221087,0.012587986801893526,-0.0922002200898832,0.10203302472800285,0.0763632124921244
2021-10,0.05285583081757197,0.03924604334913288,0.0034889587350668445,-0.11508278005211048,-0.1554232332845692,-0.022782097778864762,0.022418623772595604,-0.055908954174187626,-0.07434648757873662,-0.012534484156492262,0.1475763514213445,0.1699489240296452,0.054000636571721654,-0.13652529040851907,-0.17972643497444432,0.0522375988124898
2021-11,0.13513329247113373,0.1782401572829862,0.12364728941275417,-0.23381570663974957,-0.037796943609312746,-0.02001612092212196,-0.18568413174885687,-0.2111755360122451,-0.22283936131802176,-0.06940894765979863,-0.03677718551975672,-0.019443853033867482,0.07453983508537748,0.09298805389596038,-0.008502080959553288,-0.1896225587115943
2021-12,0.23047602502455788,0.2183231764748237,0.10661746633678769,-0.16654720723337235,0.11073130715338053,-0.023261299852613753,-0.030034720541996348,-0.14345182621044686,-0.13194460091011814,-0.14029324968696796,0.153604744924782,0.06408925029614684,-0.15634573565608043,0.08006293744490722,-0.06753880588501478,-0.031157349199609642
2022-01,-0.03170391954203464,-0.04567293421812873,-0.002775412156846532,0.08638501170568494,-0.13521755123743562,0.01393761382315923,0.021987836992064733,0.10953459255396959,0.09850533711807877,0.09092723772534454,0.08835885388113418,0.09900749525064732,0.008872135285771075,-0.09109252512299955,-0.02869184463966558,0.0576908022437465
2022-02,0.19135566538122525,0.1494523657319694,0.0750419301967704,-0.025710832793369564,0.07512644513832949,-0.06338461711013443,-0.05365002963630723,-0.048161790898272466,-0.023224656514936024,-0.026296164486086127,-0.005411218465886128,-0.014009203579052358,-0.1658702369235559,0.1517701988120214,-0.02025640527528816,0.014197854722758104
2022-03,0.02844654197881154,0.05472638028729989,0.07114556326502339,-0.03386588197747331,-0.016515940905742987,0.03141458488704926,-0.03651915410958201,0.05232109846675588,0.02305872255554051,-0.07530775711407706,0.02725289988908596,-0.07310612612784084,0.01868608356538082,0.07389098395997319,0.10414104133678034,-0.05109019679474342
2022-04,-0.01211596921507637,-0.06453711915132422,-0.05873574461672999,0.021539584572789153,-0.11437018790544115,-0.01627414986327951,0.050408616304058164,0.22781696952501324,0.11723326326106863,0.19850159129762504,0.14785830506456407,0.20732083209739618,0.14990843317556327,-0.09693062531817154,-0.028030750350886518,-0.04106778107289626
2022-05,-0.18158194313602682,-0.2306895991561592,-0.11964646161611399,-0.11742556478130071,0.0035670081237187483,0.08240720048525912,0.09905601567175985,0.1830129993756408,0.11401730646586503,0.16861145802403102,-0.12740323423299943,-0.04854653836412245,0.2947206305015221,-0.09476124705453097,0.1520564345989879,0.15361839587163942
2022-06,0.07903575878754532,0.14135190354681046,0.10805080999020569,0.14409305789301158,-0.19590589396470706,-0.16904258319102178,-0.1467286731518275,-0.15559337536018142,-0.1100170571675743,-0.1764334108821015,0.15985544487882494,0.14511166616987667,-0.20170938263615365,-0.13349226522766583,-0.1585802785441017,-0.09437889756394524
2022-07,-0.005669705388140626,0.12068664712629831,0.0466839141643379,0.18036650640679866,-0.006968111707927166,-0.09344748833314119,-0.025797645985080803,-0.046778838326244965,-0.05228555847320466,-0.12618786578762306,0.06291603194205553,0.06238322787401545,-0.07201722530005492,-0.028643517532244405,-0.008434530471879559,-0.09283597726827916
2022-08,0.03748458652666536,0.10492145450810442,0.09563488274482886,0.1761000164075819,0.1115445666495622,-0.09304999898532856,-0.06820897471905091,-0.0652813481637227,-0.010883532864243935,-0.12294103462250067,0.03901827328592406,-0.04743695890273268,-0.2983729077388462,0.07096685116065155,0.04161110704644226,-0.14289659421529416
2022-09,0.0012939620980174423,0.10417938669798316,-0.03407472106354031,-0.06844921738453955,-0.0899541752115825,-0.13825735614254947,-0.026085955876574928,-0.10877753079806197,-0.11549305521151378,-0.11220214234361005,0.17817239199472334,0.1898217287614962,-0.03548997549635882,-0.028416827096271018,-0.05894380519210193,-0.09248779462369802
2022-10,0.08411278213686695,0.13071979697065228,0.1973656995476656,-0.10174700027792356,-0.32307555255802844,0.047434119664414416,-0.14015385940829647,-0.007439262004495229,-0.034754410651879133,-0.07480725998936043,0.0500950639494614,-0.012432878975629905,0.12993643924121645,-0.055829710107495566,0.13926847351535301,-0.06783909976326967
2022-11,-0.008893586944584643,-0.00937896570818309,0.06295691722099227,-0.14930537095903018,0.05244595677836974,-0.009408713394139153,-0.07492125082051734,-0.06730598360520643,-0.09770731084807743,-0.06802298977063513,-0.07814227155858346,-0.13224213504965876,0.049202562158229914,0.047527431498535895,0.1406362715399973,-0.0012506622121928597
2022-12,-0.04162223436060825,-0.06742308154263967,-0.059920954887986634,-0.20915365819369733,-0.1337736385107968,0.03246430692818964,0.009031974967035549,0.027187102998750726,-0.032937844074207856,0.10672938984528528,-0.06675492740092558,0.016994908934836243,0.2913716489765827,-0.08406849804496827,-0.01709882199902347,0.07380792794050167
2023-01,0.11500818120861421,0.22083666509341107,0.23742686147041023,0.005733808563616016,-0.09571969221349447,-0.1584027229288792,-0.04613851869006152,-0.2465957600752478,-0.2076972553386861,-0.17948178387170874,0.2808469009223775,0.23809541036586837,-0.24472481489520775,-0.08746782498021198,0.010268935881745498,-0.287022565010867
2023-02,0.035056006532248704,0.17806754740109418,0.032351657064611655,0.14229036638445136,0.16136828971655803,-0.13696079872973202,0.02448487486119716,-0.11263800630750398,-0.0798541200951955,-0.08229065787232479,0.10035980335125516,0.053877259735085184,-0.1495560043219983,0.1436570320280053,0.00350355313555955,-0.15776016895026243
2023-03,0.06070774398141596,0.24847715442494356,0.1498939540957324,0.0691761367670168,0.2597746635583217,-0.19150862730833687,0.05773003658018221,0.08856035892938519,0.09322202339654925,0.0651236998846137,-0.012332563408235745,0.060262935403271774,-0.05222611223040593,0.22452364241494735,0.006904173360578626,-0.15502520554330218
2023-04,0.020715428306333796,0.09135274052170266,-0.0634493171642544,0.13858528810632179,0.0794252943728225,-0.07363142236518407,0.017954885948807276,-0.0960297637717053,-0.07861819440260154,-0.042983645754328226,0.10248646168332476,0.11472612914655538,-0.21044118390804661,-0.04233951353634301,0.05017873487011173,-0.06325346517603316
2023-05,0.06579437578696615,-0.04663896009560461,0.06211491691951048,0.017426779452764336,-0.009186909958227338,0.1700519653369743,-0.00035111050495396803,-0.005698303115969238,-0.022197519647323728,-0.021493126613873436,-0.06795442967423616,-0.0705118016078374,0.07354015814725061,0.024483723400424495,0.12138777621704405,0.010354977686763894
2023-06,-0.009045392753992241,0.059928037433522145,0.08093475919568247,-0.24536444762019433,-0.06436230100169602,-0.027971838278106093,-0.1048320022041613,-0.015062174237427915,-0.055325183045610744,-0.03875491658156155,-0.030224170644580887,-0.022286621741269438,0.16796451893823877,-0.07106159239818174,0.045126292610583416,0.020610840266321314
2023-07,0.04297580855771478,0.0191275524443158,-0.0788128008737972,0.09479871759065087,0.029403979595608185,0.04893900888586123,0.03899286536041802,-0.18079458339227586,-0.1123001840455188,-0.13063569563212482,0.15534795729581283,0.13166455886669512,-0.2220842548269546,-0.06669078191653116,0.03257748769836813,-0.04923135343879045
2023-08,0.128557966795695,0.11548120279261234,0.07564181631966302,0.1389188110236939,-0.038213215880655044,0.02175803408591505,-0.05152917404951392,-0.046556997347927113,0.02039841069506569,0.04512104755234416,0.03724326442348465,0.11869958954611942,-0.05863444566065694,0.057453915878601367,0.05858233558393586,-0.09828544172928161
2023-09,-0.006549197300862187,0.039501699472476455,-0.059495433795771595,-0.14238007794851376,0.0604820654517575,-0.10060420283669336,-0.08708335385751355,-0.11452933473615004,-0.08663279626332222,0.008571975299043624,0.02744778519642859,0.06344469418769465,-0.09386141575075006,0.026211818963122527,0.03519952382528945,0.0517392813249927
2023-10,-0.052825788976111766,0.005737327724755887,-0.02792379340347418,0.08034316019379024,0.020283406627176738,-0.06985021008624252,-0.011663459727643625,-0.002075885990082533,0.04145235494845052,-0.03492945673048135,0.08745153991396717,0.12239988185094783,-0.12140009417673837,-0.014349282308605427,-0.04136592773249994,-0.04480586460537839
2023-11,0.03538464062887919,0.02552298803315331,-0.0181954934657844,0.061710347068140436,0.08584589274145664,0.04333254709825606,0.013645087188660712,-0.04811185937393455,-0.032482478097491066,-0.0767977908700626,-0.03804914717183352,-0.029569691476506992,0.013241536684912835,0.00458452329686084,0.07280915204111503,-0.102743847766639
2023-12,0.11917865190966756,0.24899189187625323,0.1315212524684794,0.19246011581626696,0.09393118657677328,-0.050527247099266565,0.030579228024336352,-0.1888557494830375,-0.09192206415518821,-0.14238526372423957,0.029396723650572623,-0.010986727734784549,-0.23263912806342585,-0.07244318385629693,0.00962053590957357,-0.08457994056431568
2024-01,-0.04563076625853136,-0.16801962758211889,-0.11560412917124754,-0.028501443546066003,-0.22833439315858362,0.09496282852085193,-0.0340902470779243,0.1869383990101612,0.1468484188056863,0.20230717803075435,0.027965944546712793,0.14505385498429674,0.16840944386682336,-0.07128938122771986,-0.04033493445214534,0.07596315487560232
2024-02,-0.05520412528322289,-0.059717000059157456,0.011865188271677797,0.16919866609678935,0.1249011555292763,-0.05543780463967274,0.10322909530296112,0.05948570093666887,0.09843820100938451,0.021755635073624734,0.023834601913605324,0.044893931436933855,-0.025891852024377937,-0.007003827264013932,0.017436585507627302,-0.019833050296817693
2024-03,-0.05305436165049197,-0.09619783155761402,-0.06725228348177087,0.15640037813209856,0.05903475563372206,0.0504188210010289,0.07915095084008185,-0.048957278801376805,-0.050011813088457126,-0.1668993547113427,0.06625233242817836,0.020686609208844436,-0.11076003895245692,-0.05652859105245452,0.12875971351575938,-0.0396292567649528
2024-04,0.1730870206827253,0.12933445480871952,0.1698795635155371,-0.07554272218412414,0.008342884335688824,-0.04456052126223939,-0.08144529728133652,-0.11004590202940613,-0.06660706134550931,-0.09950581658191217,0.16313880722905025,0.03783876244587536,-0.16590384382839599,0.11884581193768846,0.03695591659632671,-0.039706080139733556
2024-05,0.05847317455128642,-0.011632651946556645,0.004971340297769877,0.20023857973726789,0.05200489223223436,0.07192083379840333,0.09328219833634073,-0.12347093285314456,-0.041210591495676546,-0.10266775470352853,-0.14757292344866593,-0.19042148028145417,-0.22020655281993107,0.01210545086291322,0.023928884076802607,-0.08048040640590799
2024-06,-0.11174008321309026,0.05367849888487246,-0.10102604490174001,-0.21147607985246988,-0.05298017313863158,-0.14034158290831983,-0.0839217067414169,-0.07459313243080273,-0.06479623567944293,-0.03381223599076714,-0.005366714556667733,-0.003383068404508469,-0.032046378734906567,-0.09744476204860639,-0.005849624138950146,0.06259196172857677
2024-07,0.09970188186293423,0.05351269423309267,0.07666677885328771,0.13774352947879462,-0.03778367779748485,0.13965402139048258,0.06445387879811067,-0.12878685268590362,-0.08411896422401795,-0.2068400324968787,-0.0006951003385298102,-0.14308698149832988,-0.16145509119663626,0.042172415472820364,0.045902400573544576,0.0017996805330157135
2024-08,-0.03751126517487452,-0.018323792547587175,-0.036140791301654054,-0.3880908003791506,-0.19908687454418278,0.04116736805159303,-0.12896843499191243,0.014588745338312588,-0.030910888893672318,0.13220403405400277,0.06857841189217824,0.15105032474146662,0.2965787612136912,-0.12830447513337054,0.017304407997073824,-0.008114213411572837
2024-09,-0.11352060961801637,0.06123068590297477,-0.03398033579170887,-0.07469554085483439,0.08785329103897649,-0.15245487633817983,-0.06360408061292301,0.0050581214798135115,0.0019099209347471422,0.08614853142210384,-0.08012513495685883,0.04216075841780958,0.030977359240379775,-0.06589475918700369,0.1158612288029107,-0.011975551229592981
2024-10,-0.08201722591841991,0.09322761980152869,-0.04443452095716274,-0.19014683854964878,-0.035589560932749995,-0.20447163536452956,-0.13173376133666662,0.06425248016175922,-0.024776494206597114,-0.020225849085946386,0.12516771874444074,0.11780095281209149,0.057080994975538035,-0.020928909576129584,-0.02517030571970463,-0.04770757300022168
2024-11,0.25966625308788377,0.1064276419365925,0.10385316470021975,0.2557538521690336,-0.14696388012562472,0.1958240610170436,0.264170412282826,-0.2281721773004374,-0.19848489250568774,-0.15008275706220353,0.002297545072949941,-0.041202265208623565,-0.25690614485090574,-0.17130939869238543,0.0054852409484058865,0.001282455344510084
2024-12,0.11396513722964859,-0.12573768548427872,-0.022748799021762398,-0.0009299654991178257,0.0957239302704549,0.26228368687186576,0.2578023900286361,0.07318272348916176,0.05740760652022601,-0.02967804084507389,0.09119106361926692,0.0769143766125057,-0.02792995602353566,0.10375805086659697,0.05871182490363586,0.15288448433313231
2025-01,-0.08727088614343718,0.02550283728302663,0.0007180133234085413,-0.24329103311236366,-0.21264205069106545,-0.12228708877043039,-0.21276579081739672,-0.025796489558241927,-0.13843797834062632,0.04512171470935748,0.014921365409664657,0.05856116381704601,0.2167070885663706,-0.16598805011244733,0.03831280944246636,-0.059239912391861875
2025-02,0.21879786423673497,0.024045498719562027,0.030770631437400057,0.15076864474620388,-0.25000750536412875,0.2033087525314971,0.12458927987518831,-0.20800949973963775,-0.17641187561472788,-0.13091337017757868,0.027385397080023494,0.04099504743950417,-0.18652617209830594,-0.13607112852945855,0.039587078049916416,0.026108802338168487
2025-03,-0.19127202621522632,-0.13772521169601068,-0.10265054817941502,0.1363110889785424,0.0003661215012322076,-0.08197895845113971,0.037485169861209464,-0.005193577133870551,-0.004751208083957298,-0.1700489748754812,-0.02653893645694535,-0.17112948206186634,-0.19792480909880222,0.051973215796462156,0.09749618476598068,0.026984066939582822
2025-04,0.0840861741037335,-0.02707403679929173,0.024370732279089584,0.026491519907083587,-0.026089574363567253,0.14413503896099086,0.13255702678531164,0.08106392863141694,0.10876897542333937,-0.024714537680973946,0.05892744213442292,-0.0016004919606782183,0.05550216866218217,0.17526983585554406,0.015366485266873087,0.06560459209074074
2025-05,0.054218343779595765,0.055525540933524506,-0.004142729515642993,-0.0375768550211923,0.03291216269336585,0.06725809381693375,0.0485025851585751,0.16081095270971704,0.09314823195472527,0.19708615975250318,-0.07802741703141208,0.07376367145260894,0.20656681221695428,-0.02247600841911421,-0.021113419646084798,0.06854961125623796
2025-06,0.009616466796837793,0.12588507822463785,0.06654450355212757,-0.16554998521986922,0.18854035860872626,-0.04435409774539103,0.008104622401327392,0.09424917629549617,0.07838148732886553,0.12862661076357948,-0.09968615758922054,0.00849229803389704,0.16201504784504422,0.11075514150400388,-0.13731163907674215,-0.04732319019522594
2025-07,-0.08635981174577399,-0.21410220112423167,-0.16609453219874834,0.034483073005902455,-0.04770924667295906,0.09536032843916273,-0.04756734613195818,0.02302731184852225,0.020228565636828785,0.08415083523231127,0.006354666125168202,0.011634058977037216,0.15591802239531297,-0.09822596491542326,-0.026408499189310083,0.14360196576004056
2025-08,0.02766978167799068,-0.1205940545465776,-0.09095909789986942,-0.11539674503580648,0.13809377382429497,0.08800888507020999,0.11899496577215306,0.012763651967938657,0.01647430664180378,0.030574340527465837,-0.0353736756663188,0.029106868849736924,0.0016195338659947618,0.04227701081942191,-0.05762656761945597,0.10199339072374128
2025-09,0.12384070902858728,0.11491440762580787,0.08568930978221452,-0.022616153160014005,-0.1946482965177021,-0.011888787126570065,-0.02803878518563841,-0.13814986541855673,-0.12338139007128722,-0.15236438842859595,0.015171513889955149,-0.010597457278867687,-0.06892196059007605,-0.10916515280813228,0.016728762472401643,-0.11984524519937897
2025-10,0.132876992587844,0.029345795986627513,0.13667357371680305,-0.06049521888596035,0.21216169921205894,0.07376192154272185,0.09150418166218852,-0.1487479346589012,-0.0990181674116162,-0.1415160673819734,0.010533061310989559,-0.00712573192638547,-0.1404620957341834,-0.12655204806745027,0.027852719709535245,-0.062362045453674
2025-11,0.03307250124842862,-0.16712083984065682,-0.06473515665668504,0.19924478946953877,0.05297523082574049,0.15169425043300022,0.028719269431186297,0.02707601399685888,0.009931057804372966,-0.05223600914271618,-0.02300916935415815,-0.03577428717069461,0.09786194298347381,0.06095027652310171,0.020828132668008124,0.05242005786941876
